2,1,0,0,1,0,5.00E-05,5.00E-05,5.00E-05,5.00E-05,5.00E-05,5.00E-05,0,0,0,0,0,0
1,1,0,0.000229416,1,8.17E+09,0.00119708,0.00119708,0.00119708,0.00119708,0.00119708,0.00119708,0.818731,0,0.818731,6.29E-10,0.818731,-6.29E-10
1,1,0,0.000458832,1,1.07E+09,0.00234416,0.00234416,0.00234416,0.00234416,0.00234416,0.00234416,0.818731,0,0.818731,4.83E-09,0.818731,-4.83E-09
1,1,0,0.000917663,1,1.36E+08,0.00463832,0.00463832,0.00463832,0.00463832,0.00463832,0.00463832,0.818731,0,0.818731,3.78E-08,0.818731,-3.78E-08
1,1,0,0.00183533,1,1.72E+07,0.00922663,0.00922663,0.00922663,0.00922663,0.00922663,0.00922663,0.81873,0,0.818731,2.99E-07,0.818731,-2.99E-07
1,1,0,0.00367068,1,2.16E+06,0.0184033,0.0184033,0.0184033,0.0184033,0.0184033,0.0184033,0.818727,0,0.818732,2.38E-06,0.818732,-2.38E-06
1,1,0,0.0073417,1,270937,0.0367565,0.0367565,0.0367565,0.0367565,0.0367565,0.0367565,0.818704,0,0.818744,1.90E-05,0.818744,-1.90E-05
1,1,0,0.0130807,1,48009.4,0.0654332,0.0654332,0.0654332,0.0654332,0.0654332,0.0654332,0.81858,0,0.818806,0.000107161,0.818806,-0.000107161
1,1,0,0.0188291,1,16143.1,0.0941093,0.0941093,0.0941093,0.0941093,0.0941093,0.0941093,0.818281,0,0.818956,0.000318753,0.818956,-0.000318753
1,1,0,0.0245968,1,7275.94,0.122784,0.122784,0.122784,0.122784,0.122784,0.122784,0.817733,0,0.81923,0.000707451,0.81923,-0.000707451
1,1,0,0.0303971,1,3883.2,0.151457,0.151457,0.151457,0.151457,0.151457,0.151457,0.816862,0,0.819666,0.00132625,0.819666,-0.00132625
1,1,0,0.0362469,1,2314.36,0.180126,0.180126,0.180126,0.180126,0.180126,0.180126,0.815596,0,0.820299,0.00222701,0.820299,-0.00222701
1,1,0,0.0421664,1,1491.27,0.208791,0.208791,0.208791,0.208791,0.208791,0.208791,0.813869,0,0.821165,0.00345984,0.821165,-0.00345984
1,1,0,0.0481798,1,1018.58,0.237449,0.237449,0.237449,0.237449,0.237449,0.237449,0.811617,0,0.822295,0.00507246,0.822295,-0.00507246
1,1,0,0.0543143,1,728.009,0.266098,0.266098,0.266098,0.266098,0.266098,0.266098,0.808785,0,0.823719,0.0071094,0.823719,-0.0071094
1,1,0,0.0606011,1,539.657,0.294736,0.294736,0.294736,0.294736,0.294736,0.294736,0.805326,0,0.825461,0.00961121,0.825461,-0.00961121
1,1,0,0.0670745,1,412.256,0.323361,0.323361,0.323361,0.323361,0.323361,0.323361,0.801202,0,0.827542,0.0126135,0.827542,-0.0126135
1,1,0,0.0737728,1,323.021,0.351968,0.351968,0.351968,0.351968,0.351968,0.351968,0.796388,0,0.829979,0.0161462,0.829979,-0.0161462
1,1,0,0.0807375,1,258.671,0.380554,0.380554,0.380554,0.380554,0.380554,0.380554,0.790868,0,0.832782,0.0202325,0.832782,-0.0202325
1,1,0,0.0880137,1,211.107,0.409115,0.409115,0.409115,0.409115,0.409115,0.409115,0.784642,0,0.835956,0.024888,0.835956,-0.024888
1,1,0,0.0956498,1,175.197,0.437643,0.437643,0.437643,0.437643,0.437643,0.437643,0.777722,0,0.839499,0.0301203,0.839499,-0.0301203
1,1,0,0.103698,1,147.585,0.466135,0.466135,0.466135,0.466135,0.466135,0.466135,0.770135,0,0.843402,0.0359281,0.843402,-0.0359281
1,1,0,0.112213,1,126.011,0.49458,0.49458,0.49458,0.49458,0.49458,0.49458,0.761916,0,0.847653,0.0423009,0.847653,-0.0423009
1,1,0,0.121253,1,108.915,0.522972,0.522972,0.522972,0.522972,0.522972,0.522972,0.753118,0,0.852231,0.0492188,0.852231,-0.0492188
1,1,0,0.13088,1,95.1978,0.5513,0.5513,0.5513,0.5513,0.5513,0.5513,0.743798,0,0.857112,0.0566529,0.857112,-0.0566529
1,1,0,0.141156,1,84.0689,0.579551,0.579551,0.579551,0.579551,0.579551,0.579551,0.734025,0,0.862268,0.0645649,0.862268,-0.0645649
1,1,0,0.152149,1,74.9503,0.607712,0.607712,0.607712,0.607712,0.607712,0.607712,0.723873,0,0.867666,0.0729085,0.867666,-0.0729085
1,1,0,0.163924,1,67.4126,0.635768,0.635768,0.635768,0.635768,0.635768,0.635768,0.713419,0,0.873273,0.0816298,0.873273,-0.0816298
1,1,0,0.17655,1,61.1324,0.6637,0.6637,0.6637,0.6637,0.6637,0.6637,0.702743,0,0.879054,0.0906687,0.879054,-0.0906687
1,1,0,0.190095,1,55.8626,0.691488,0.691488,0.691488,0.691488,0.691488,0.691488,0.691924,0,0.884972,0.0999599,0.884972,-0.0999599
1,1,0,0.204627,1,51.4126,0.719109,0.719109,0.719109,0.719109,0.719109,0.719109,0.681037,0,0.890994,0.109435,0.890994,-0.109435
1,1,0,0.220211,1,47.6336,0.746539,0.746539,0.746539,0.746539,0.746539,0.746539,0.670158,0,0.897086,0.119023,0.897086,-0.119023
1,1,0,0.236909,1,44.4082,0.773749,0.773749,0.773749,0.773749,0.773749,0.773749,0.659351,0,0.903216,0.128653,0.903216,-0.128653
1,1,0,0.254779,1,41.643,0.80071,0.80071,0.80071,0.80071,0.80071,0.80071,0.64868,0,0.909356,0.138256,0.909356,-0.138256
1,1,0,0.273871,1,39.2631,0.82739,0.82739,0.82739,0.82739,0.82739,0.82739,0.638198,0,0.91548,0.147766,0.91548,-0.147766
1,1,0,0.294231,1,37.2075,0.853756,0.853756,0.853756,0.853756,0.853756,0.853756,0.627953,0,0.921565,0.15712,0.921565,-0.15712
1,1,0,0.315893,1,35.4267,0.879773,0.879773,0.879773,0.879773,0.879773,0.879773,0.617983,0,0.927591,0.166262,0.927591,-0.166262
1,1,0,0.338882,1,33.88,0.905409,0.905409,0.905409,0.905409,0.905409,0.905409,0.608321,0,0.933541,0.175142,0.933541,-0.175142
1,1,0,0.363213,1,32.5334,0.930628,0.930628,0.930628,0.930628,0.930628,0.930628,0.598992,0,0.939401,0.183716,0.939401,-0.183716
1,1,0,0.38889,1,31.3589,0.955398,0.955398,0.955398,0.955398,0.955398,0.955398,0.590014,0,0.945158,0.191951,0.945158,-0.191951
1,1,0,0.415904,1,30.3326,0.979689,0.979689,0.979689,0.979689,0.979689,0.979689,0.581398,0,0.950802,0.199818,0.950802,-0.199818
1,1,0,0.444238,1,29.4347,1.00347,1.00347,1.00347,1.00347,1.00347,1.00347,0.573151,0,0.956327,0.207298,0.956327,-0.207298
1,1,0,0.473861,1,28.648,1.02673,1.02673,1.02673,1.02673,1.02673,1.02673,0.565274,0,0.961727,0.214378,0.961727,-0.214378
1,1,0,0.504737,1,27.9581,1.04944,1.04944,1.04944,1.04944,1.04944,1.04944,0.557764,0,0.966998,0.221053,0.966998,-0.221053
1,1,0,0.536819,1,27.3526,1.07158,1.07158,1.07158,1.07158,1.07158,1.07158,0.550615,0,0.972136,0.227322,0.972136,-0.227322
1,1,0,0.545253,1,27.2093,1.07718,1.07718,1.07718,1.07718,1.07718,1.07718,0.548835,0,0.973435,0.228869,0.973435,-0.228869
2,1,0,0.578777,1,26.6949,1.09859,1.09859,1.09859,1.09859,1.09859,1.09859,0.542126,0,0.978406,0.234637,0.978406,-0.234637
2,1,0,0.613384,1,26.2428,1.11943,1.11943,1.11943,1.11943,1.11943,1.11943,0.535752,0,0.983243,0.240017,0.983243,-0.240017
2,1,0,0.649013,1,25.8453,1.13968,1.13968,1.13968,1.13968,1.13968,1.13968,0.529702,0,0.987947,0.245023,0.987947,-0.245023
2,1,0,0.685604,1,25.4958,1.15936,1.15936,1.15936,1.15936,1.15936,1.15936,0.523959,0,0.99252,0.249672,0.99252,-0.249672
2,1,0,0.723093,1,25.1885,1.17846,1.17846,1.17846,1.17846,1.17846,1.17846,0.518508,0,0.996964,0.253979,0.996964,-0.253979
2,1,0,0.761422,1,24.9183,1.19699,1.19699,1.19699,1.19699,1.19699,1.19699,0.513334,0,1.00128,0.257965,1.00128,-0.257965
2,1,0,0.800531,1,24.681,1.21498,1.21498,1.21498,1.21498,1.21498,1.21498,0.508421,0,1.00548,0.261647,1.00548,-0.261647
2,1,0,0.840363,1,24.4726,1.23243,1.23243,1.23243,1.23243,1.23243,1.23243,0.503755,0,1.00955,0.265046,1.00955,-0.265046
2,1,0,0.880865,1,24.2898,1.24936,1.24936,1.24936,1.24936,1.24936,1.24936,0.499319,0,1.01351,0.268179,1.01351,-0.268179
2,1,0,0.921986,1,24.1298,1.26578,1.26578,1.26578,1.26578,1.26578,1.26578,0.4951,0,1.01735,0.271065,1.01735,-0.271065
2,1,0,0.963679,1,23.9899,1.28171,1.28171,1.28171,1.28171,1.28171,1.28171,0.491084,0,1.02109,0.273721,1.02109,-0.273721
2,1,0,1.0059,1,23.8681,1.29718,1.29718,1.29718,1.29718,1.29718,1.29718,0.487258,0,1.02472,0.276164,1.02472,-0.276164
2,1,0,1.04861,1,23.7622,1.31219,1.31219,1.31219,1.31219,1.31219,1.31219,0.483611,0,1.02826,0.27841,1.02826,-0.27841
2,1,0,1.09176,1,23.6706,1.32677,1.32677,1.32677,1.32677,1.32677,1.32677,0.48013,0,1.03169,0.280473,1.03169,-0.280473
2,1,0,1.13533,1,23.5918,1.34093,1.34093,1.34093,1.34093,1.34093,1.34093,0.476806,0,1.03503,0.282366,1.03503,-0.282366
2,1,0,1.17929,1,23.5245,1.35469,1.35469,1.35469,1.35469,1.35469,1.35469,0.473628,0,1.03828,0.284104,1.03828,-0.284104
2,1,0,1.22359,1,23.4674,1.36807,1.36807,1.36807,1.36807,1.36807,1.36807,0.470587,0,1.04144,0.285697,1.04144,-0.285697
2,1,0,1.26823,1,23.4195,1.38108,1.38108,1.38108,1.38108,1.38108,1.38108,0.467674,0,1.04453,0.287157,1.04453,-0.287157
2,1,0,1.31316,1,23.38,1.39374,1.39374,1.39374,1.39374,1.39374,1.39374,0.464882,0,1.04753,0.288493,1.04753,-0.288493
2,1,0,1.35837,1,23.348,1.40607,1.40607,1.40607,1.40607,1.40607,1.40607,0.462202,0,1.05045,0.289715,1.05045,-0.289715
2,1,0,1.40384,1,23.3228,1.41807,1.41807,1.41807,1.41807,1.41807,1.41807,0.459629,0,1.0533,0.290832,1.0533,-0.290832
2,1,0,1.44955,1,23.3037,1.42977,1.42977,1.42977,1.42977,1.42977,1.42977,0.457155,0,1.05609,0.291851,1.05609,-0.291851
2,1,0,1.49549,1,23.2901,1.44117,1.44117,1.44117,1.44117,1.44117,1.44117,0.454776,0,1.0588,0.292779,1.0588,-0.292779
2,1,0,1.54163,1,23.2816,1.4523,1.4523,1.4523,1.4523,1.4523,1.4523,0.452484,0,1.06145,0.293624,1.06145,-0.293624
2,1,0,1.58796,1,23.2777,1.46315,1.46315,1.46315,1.46315,1.46315,1.46315,0.450276,0,1.06403,0.294392,1.06403,-0.294392
2,1,0,1.63447,1,23.2779,1.47374,1.47374,1.47374,1.47374,1.47374,1.47374,0.448146,0,1.06656,0.295088,1.06656,-0.295088
2,1,0,1.68115,1,23.2819,1.48409,1.48409,1.48409,1.48409,1.48409,1.48409,0.446091,0,1.06903,0.295717,1.06903,-0.295717
2,1,0,1.72799,1,23.2894,1.4942,1.4942,1.4942,1.4942,1.4942,1.4942,0.444105,0,1.07144,0.296284,1.07144,-0.296284
2,1,0,1.77497,1,23.3001,1.50408,1.50408,1.50408,1.50408,1.50408,1.50408,0.442186,0,1.0738,0.296794,1.0738,-0.296794
2,1,0,1.82208,1,23.3136,1.51375,1.51375,1.51375,1.51375,1.51375,1.51375,0.44033,0,1.07611,0.297251,1.07611,-0.297251
2,1,0,1.86933,1,23.3298,1.5232,1.5232,1.5232,1.5232,1.5232,1.5232,0.438533,0,1.07837,0.297657,1.07837,-0.297657
2,1,0,1.91669,1,23.3484,1.53245,1.53245,1.53245,1.53245,1.53245,1.53245,0.436792,0,1.08058,0.298018,1.08058,-0.298018
2,1,0,1.96417,1,23.3692,1.54151,1.54151,1.54151,1.54151,1.54151,1.54151,0.435105,0,1.08274,0.298335,1.08274,-0.298335
2,1,0,2.01175,1,23.3921,1.55038,1.55038,1.55038,1.55038,1.55038,1.55038,0.43347,0,1.08486,0.298613,1.08486,-0.298613
2,1,0,2.05943,1,23.4168,1.55908,1.55908,1.55908,1.55908,1.55908,1.55908,0.431882,0,1.08694,0.298853,1.08694,-0.298853
2,1,0,2.1072,1,23.4432,1.5676,1.5676,1.5676,1.5676,1.5676,1.5676,0.43034,0,1.08897,0.299058,1.08897,-0.299058
2,1,0,2.15506,1,23.4713,1.57596,1.57596,1.57596,1.57596,1.57596,1.57596,0.428843,0,1.09097,0.299231,1.09097,-0.299231
2,1,0,2.203,1,23.5007,1.58415,1.58415,1.58415,1.58415,1.58415,1.58415,0.427387,0,1.09292,0.299373,1.09292,-0.299373
2,1,0,2.25103,1,23.5315,1.59219,1.59219,1.59219,1.59219,1.59219,1.59219,0.425971,0,1.09484,0.299487,1.09484,-0.299487
2,1,0,2.29912,1,23.5636,1.60009,1.60009,1.60009,1.60009,1.60009,1.60009,0.424594,0,1.09673,0.299575,1.09673,-0.299575
2,1,0,2.34729,1,23.5967,1.60784,1.60784,1.60784,1.60784,1.60784,1.60784,0.423252,0,1.09858,0.299637,1.09858,-0.299637
2,1,0,2.39552,1,23.6309,1.61545,1.61545,1.61545,1.61545,1.61545,1.61545,0.421946,0,1.10039,0.299677,1.10039,-0.299677
2,1,0,2.44381,1,23.6661,1.62292,1.62292,1.62292,1.62292,1.62292,1.62292,0.420673,0,1.10217,0.299694,1.10217,-0.299694
2,1,0,2.49217,1,23.7022,1.63027,1.63027,1.63027,1.63027,1.63027,1.63027,0.419432,0,1.10392,0.299692,1.10392,-0.299692
2,1,0,2.54058,1,23.739,1.6375,1.6375,1.6375,1.6375,1.6375,1.6375,0.418221,0,1.10564,0.29967,1.10564,-0.29967
2,1,0,2.58904,1,23.7766,1.6446,1.6446,1.6446,1.6446,1.6446,1.6446,0.41704,0,1.10733,0.29963,1.10733,-0.29963
2,1,0,2.63755,1,23.815,1.65158,1.65158,1.65158,1.65158,1.65158,1.65158,0.415887,0,1.109,0.299574,1.109,-0.299574
2,1,0,2.68612,1,23.8539,1.65846,1.65846,1.65846,1.65846,1.65846,1.65846,0.414761,0,1.11063,0.299502,1.11063,-0.299502
2,1,0,2.73473,1,23.8935,1.66522,1.66522,1.66522,1.66522,1.66522,1.66522,0.413661,0,1.11224,0.299415,1.11224,-0.299415
2,1,0,2.78338,1,23.9335,1.67188,1.67188,1.67188,1.67188,1.67188,1.67188,0.412586,0,1.11382,0.299314,1.11382,-0.299314
2,1,0,2.83207,1,23.9741,1.67843,1.67843,1.67843,1.67843,1.67843,1.67843,0.411536,0,1.11537,0.2992,1.11537,-0.2992
2,1,0,2.88081,1,24.0151,1.68488,1.68488,1.68488,1.68488,1.68488,1.68488,0.410508,0,1.1169,0.299075,1.1169,-0.299075
2,1,0,2.92958,1,24.0566,1.69124,1.69124,1.69124,1.69124,1.69124,1.69124,0.409502,0,1.1184,0.298937,1.1184,-0.298937
2,1,0,2.97839,1,24.0984,1.6975,1.6975,1.6975,1.6975,1.6975,1.6975,0.408518,0,1.11989,0.298789,1.11989,-0.298789
2,1,0,3.02723,1,24.1406,1.70368,1.70368,1.70368,1.70368,1.70368,1.70368,0.407555,0,1.12135,0.298631,1.12135,-0.298631
2,1,0,3.07611,1,24.1832,1.70976,1.70976,1.70976,1.70976,1.70976,1.70976,0.406611,0,1.12278,0.298464,1.12278,-0.298464
2,1,0,3.12502,1,24.226,1.71576,1.71576,1.71576,1.71576,1.71576,1.71576,0.405687,0,1.1242,0.298287,1.1242,-0.298287
2,1,0,3.17396,1,24.2691,1.72167,1.72167,1.72167,1.72167,1.72167,1.72167,0.404782,0,1.12559,0.298102,1.12559,-0.298102
2,1,0,3.22293,1,24.3124,1.7275,1.7275,1.7275,1.7275,1.7275,1.7275,0.403894,0,1.12696,0.29791,1.12696,-0.29791
2,1,0,3.27193,1,24.356,1.73325,1.73325,1.73325,1.73325,1.73325,1.73325,0.403024,0,1.12832,0.297709,1.12832,-0.297709
2,1,0,3.32095,1,24.3997,1.73893,1.73893,1.73893,1.73893,1.73893,1.73893,0.402171,0,1.12965,0.297502,1.12965,-0.297502
2,1,0,3.37,1,24.4437,1.74453,1.74453,1.74453,1.74453,1.74453,1.74453,0.401334,0,1.13097,0.297289,1.13097,-0.297289
2,1,0,3.41908,1,24.4878,1.75006,1.75006,1.75006,1.75006,1.75006,1.75006,0.400512,0,1.13227,0.297069,1.13227,-0.297069
2,1,0,3.46818,1,24.5321,1.75551,1.75551,1.75551,1.75551,1.75551,1.75551,0.399706,0,1.13354,0.296844,1.13354,-0.296844
2,1,0,3.5173,1,24.5765,1.7609,1.7609,1.7609,1.7609,1.7609,1.7609,0.398915,0,1.13481,0.296613,1.13481,-0.296613
2,1,0,3.56644,1,24.621,1.76622,1.76622,1.76622,1.76622,1.76622,1.76622,0.398137,0,1.13605,0.296378,1.13605,-0.296378
2,1,0,3.61561,1,24.6656,1.77147,1.77147,1.77147,1.77147,1.77147,1.77147,0.397374,0,1.13728,0.296137,1.13728,-0.296137
2,1,0,3.66479,1,24.7103,1.77666,1.77666,1.77666,1.77666,1.77666,1.77666,0.396624,0,1.13849,0.295892,1.13849,-0.295892
2,1,0,3.714,1,24.7551,1.78179,1.78179,1.78179,1.78179,1.78179,1.78179,0.395887,0,1.13968,0.295643,1.13968,-0.295643
2,1,0,3.76322,1,24.8,1.78686,1.78686,1.78686,1.78686,1.78686,1.78686,0.395163,0,1.14086,0.29539,1.14086,-0.29539
2,1,0,3.81247,1,24.8449,1.79186,1.79186,1.79186,1.79186,1.79186,1.79186,0.394451,0,1.14203,0.295133,1.14203,-0.295133
2,1,0,3.86173,1,24.8899,1.79681,1.79681,1.79681,1.79681,1.79681,1.79681,0.393751,0,1.14318,0.294873,1.14318,-0.294873
2,1,0,3.911,1,24.9349,1.8017,1.8017,1.8017,1.8017,1.8017,1.8017,0.393063,0,1.14431,0.29461,1.14431,-0.29461
2,1,0,3.9603,1,24.9799,1.80654,1.80654,1.80654,1.80654,1.80654,1.80654,0.392386,0,1.14543,0.294344,1.14543,-0.294344
2,1,0,4.00961,1,25.025,1.81132,1.81132,1.81132,1.81132,1.81132,1.81132,0.391719,0,1.14654,0.294075,1.14654,-0.294075
2,1,0,4.05893,1,25.0701,1.81604,1.81604,1.81604,1.81604,1.81604,1.81604,0.391064,0,1.14763,0.293803,1.14763,-0.293803
2,1,0,4.10827,1,25.1151,1.82072,1.82072,1.82072,1.82072,1.82072,1.82072,0.390418,0,1.14871,0.293529,1.14871,-0.293529
2,1,0,4.15762,1,25.1602,1.82535,1.82535,1.82535,1.82535,1.82535,1.82535,0.389783,0,1.14978,0.293253,1.14978,-0.293253
2,1,0,4.20699,1,25.2053,1.82992,1.82992,1.82992,1.82992,1.82992,1.82992,0.389158,0,1.15083,0.292974,1.15083,-0.292974
2,1,0,4.25637,1,25.2503,1.83445,1.83445,1.83445,1.83445,1.83445,1.83445,0.388542,0,1.15188,0.292694,1.15188,-0.292694
2,1,0,4.30577,1,25.2954,1.83893,1.83893,1.83893,1.83893,1.83893,1.83893,0.387936,0,1.15291,0.292412,1.15291,-0.292412
2,1,0,4.35518,1,25.3404,1.84336,1.84336,1.84336,1.84336,1.84336,1.84336,0.387338,0,1.15392,0.292128,1.15392,-0.292128
2,1,0,4.40459,1,25.3854,1.84775,1.84775,1.84775,1.84775,1.84775,1.84775,0.386749,0,1.15493,0.291843,1.15493,-0.291843
2,1,0,4.45403,1,25.4304,1.85209,1.85209,1.85209,1.85209,1.85209,1.85209,0.386169,0,1.15593,0.291556,1.15593,-0.291556
2,1,0,4.50347,1,25.4753,1.85639,1.85639,1.85639,1.85639,1.85639,1.85639,0.385598,0,1.15691,0.291268,1.15691,-0.291268
2,1,0,4.55292,1,25.5202,1.86065,1.86065,1.86065,1.86065,1.86065,1.86065,0.385034,0,1.15788,0.290979,1.15788,-0.290979
2,1,0,4.60239,1,25.565,1.86486,1.86486,1.86486,1.86486,1.86486,1.86486,0.384479,0,1.15884,0.290689,1.15884,-0.290689
2,1,0,4.65186,1,25.6098,1.86903,1.86903,1.86903,1.86903,1.86903,1.86903,0.383931,0,1.15979,0.290398,1.15979,-0.290398
2,1,0,4.70135,1,25.6545,1.87317,1.87317,1.87317,1.87317,1.87317,1.87317,0.383391,0,1.16074,0.290106,1.16074,-0.290106
2,1,0,4.75084,1,25.6992,1.87726,1.87726,1.87726,1.87726,1.87726,1.87726,0.382858,0,1.16167,0.289813,1.16167,-0.289813
2,1,0,4.80034,1,25.7438,1.88132,1.88132,1.88132,1.88132,1.88132,1.88132,0.382333,0,1.16259,0.289519,1.16259,-0.289519
2,1,0,4.84986,1,25.7884,1.88533,1.88533,1.88533,1.88533,1.88533,1.88533,0.381815,0,1.1635,0.289225,1.1635,-0.289225
2,1,0,4.89938,1,25.8329,1.88931,1.88931,1.88931,1.88931,1.88931,1.88931,0.381303,0,1.1644,0.28893,1.1644,-0.28893
2,1,0,4.94891,1,25.8773,1.89326,1.89326,1.89326,1.89326,1.89326,1.89326,0.380798,0,1.16529,0.288635,1.16529,-0.288635
2,1,0,4.99845,1,25.9217,1.89717,1.89717,1.89717,1.89717,1.89717,1.89717,0.3803,0,1.16617,0.28834,1.16617,-0.28834
2,1,0,5.048,1,25.966,1.90104,1.90104,1.90104,1.90104,1.90104,1.90104,0.379809,0,1.16705,0.288044,1.16705,-0.288044
4,-2,0,0.545253,0.545253,27.2093,1.07718,1.07718,1.07718,1.07718,1.07718,1.07718,0.379809,0,1.16705,0.288044,1.16705,-0.288044
3,-2,0,0.545365,0.545365,27.2075,1.07807,1.07807,1.07807,1.07643,1.07643,1.07643,0.999424,0,0.999419,0,8.14E-08,0
3,-2,0,0.545367,0.545367,27.2075,1.07973,1.07973,1.07973,1.07478,1.07478,1.07478,0.999983,0,0.999953,0,8.14E-08,0
3,-2,0,0.545372,0.545372,27.2078,1.08218,1.08218,1.08218,1.07234,1.07234,1.07234,0.999988,0,0.999926,0,8.14E-08,0
3,-2,0,0.545392,0.545392,27.2088,1.08711,1.08711,1.08711,1.06747,1.06747,1.06747,0.999955,0,0.999706,0,8.22E-08,0
3,-2,0,0.545474,0.545474,27.213,1.09704,1.09704,1.09704,1.0578,1.0578,1.0578,0.99982,0,0.998817,0,9.51E-08,0
3,-2,0,0.545802,0.545802,27.2296,1.11713,1.11713,1.11713,1.03871,1.03871,1.03871,1,0,0.995489,0,8.08E-08,0
3,-2,0,0.5467,0.5467,27.2752,1.14789,1.14789,1.14789,1.01071,1.01071,1.01071,0.999998,0,0.986282,0,8.21E-08,0
3,-2,0,0.548745,0.548745,27.3795,1.19177,1.19177,1.19178,0.973114,0.973114,0.973114,0.999992,0,0.965625,0,1.04E-07,0
3,-2,0,0.551693,0.551693,27.5307,1.23696,1.23696,1.23696,0.937015,0.937015,0.937015,0.99999,0,0.93662,0,1.41E-07,0
3,-2,0,0.555507,0.555507,27.7281,1.28335,1.28335,1.28335,0.902407,0.902407,0.902407,0.999991,0,0.900392,0,1.67E-07,0
3,-2,0,0.560143,0.560143,27.9706,1.33086,1.33086,1.33086,0.869255,0.869255,0.869255,0.999992,0,0.858221,0,1.89E-07,0
3,-2,0,0.56555,0.56555,28.257,1.37942,1.37942,1.37942,0.837509,0.837509,0.837508,0.999981,0,0.811453,0,6.31E-07,0
3,-2,0,0.571679,0.571679,28.5862,1.42895,1.42895,1.42895,0.807106,0.807106,0.807106,0.999994,0,0.761435,0,3.62E-07,0
3,-2,0,0.578476,0.578476,28.9572,1.4794,1.4794,1.4794,0.777977,0.777977,0.777977,0.999995,0,0.709369,0,3.48E-07,0
3,-2,0,0.585891,0.585891,29.3689,1.53069,1.53068,1.53069,0.750048,0.750048,0.750048,0.999996,0,0.656368,0,1.68E-07,0
3,-2,0,0.593876,0.593876,29.8206,1.58277,1.58277,1.58277,0.723245,0.723245,0.723245,0.999997,0,0.603396,0,1.50E-07,0
3,-2,0,0.602384,0.602384,30.3115,1.6356,1.6356,1.6356,0.697493,0.697493,0.697493,0.999997,0,0.551246,0,1.29E-07,0
3,-2,0,0.611373,0.611373,30.841,1.68914,1.68914,1.68914,0.672721,0.672721,0.672721,0.999998,0,0.50057,0,1.07E-07,0
3,-2,0,0.620803,0.620803,31.4088,1.74335,1.74335,1.74335,0.648862,0.648862,0.648861,0.999998,0,0.451885,0,8.51E-08,0
3,-2,0,0.630635,0.630635,32.0147,1.7982,1.7982,1.7982,0.62585,0.62585,0.625851,0.999999,0,0.40559,0,6.52E-08,0
3,-2,0,0.640835,0.640835,32.6586,1.85365,1.85365,1.85365,0.60363,0.603629,0.603629,0.999999,0,0.361978,0,1.87E-07,0
3,-2,0,0.65137,0.65137,33.3408,1.90967,1.90967,1.90967,0.582145,0.582145,0.582145,0.999999,0,0.32125,0,1.45E-07,0
3,-2,0,0.662207,0.662207,34.0614,1.96624,1.96624,1.96624,0.561348,0.561348,0.561347,0.999999,0,0.283529,0,1.10E-07,0
3,-2,0,0.673315,0.673315,34.821,2.02332,2.02332,2.02332,0.541192,0.541192,0.541192,1,0,0.248869,0,1.16E-08,0
3,-2,0,0.684666,0.684666,35.6202,2.08088,2.08088,2.08088,0.521638,0.521638,0.521639,1,0,0.217268,0,5.02E-09,0
3,-2,0,0.696228,0.696228,36.46,2.13889,2.13889,2.13889,0.502649,0.502649,0.50265,1,0,0.188671,0,1.07E-09,0
3,-2,0,0.707974,0.707974,37.3413,2.19731,2.19731,2.19731,0.484191,0.484191,0.484191,1,0,0.162979,0,-4.70E-10,0
3,-2,0,0.719873,0.719873,38.2654,2.2561,2.2561,2.2561,0.466234,0.466234,0.466235,1,0,0.140062,0,1.50E-10,0
3,-2,0,0.731898,0.731898,39.2338,2.31522,2.31522,2.31522,0.448752,0.448752,0.448751,1,0,0.11976,0,2.67E-09,0
3,-2,0,0.744019,0.744019,40.2481,2.37463,2.37463,2.37463,0.43172,0.431719,0.431719,1,0,0.101896,0,6.64E-09,0
3,-2,0,0.756209,0.756209,41.3102,2.43428,2.43428,2.43428,0.415115,0.415116,0.415115,1,0,0.0862788,0,1.20E-08,0
3,-2,0,0.768437,0.768437,42.4224,2.49412,2.49412,2.49412,0.398921,0.398922,0.398921,1,0,0.0727094,0,1.85E-08,0
3,-2,0,0.780678,0.780678,43.5871,2.5541,2.5541,2.5541,0.383121,0.38312,0.38312,1,0,0.0609894,0,2.51E-08,0
3,-2,0,0.792902,0.792902,44.8072,2.61416,2.61416,2.61416,0.367699,0.367699,0.367698,1,0,0.0509234,0,3.30E-08,0
3,-2,0,0.805083,0.805083,46.0859,2.67425,2.67425,2.67425,0.352643,0.352644,0.352643,1,0,0.0423238,0,4.56E-08,0
3,-2,0,0.817194,0.817194,47.4267,2.73431,2.73431,2.73431,0.337946,0.337946,0.337946,1,0,0.0350131,0,-1.27E-08,0
3,-2,0,0.829211,0.829211,48.8336,2.79427,2.79427,2.79426,0.323598,0.323598,0.323598,1,0,0.0288286,0,-9.00E-09,0
3,-2,0,0.841109,0.841109,50.3112,2.85406,2.85406,2.85406,0.309595,0.309595,0.309594,1,0,0.0236198,0,-4.85E-09,0
3,-2,0,0.852863,0.852863,51.8646,2.91362,2.91362,2.91362,0.295933,0.295933,0.295934,1,0,0.0192507,0,1.07E-09,0
3,-2,0,0.864451,0.864451,53.4996,2.97289,2.97288,2.97289,0.282612,0.282612,0.282613,1,0,0.0156023,0,3.83E-09,0
3,-2,0,0.875851,0.875851,55.2225,3.03177,3.03177,3.03177,0.269633,0.269633,0.269634,1,0,0.0125678,0,6.61E-09,0
3,-2,0,0.887043,0.887043,57.0407,3.0902,3.0902,3.09021,0.256998,0.256999,0.256998,1,0,0.0100544,0,8.75E-09,0
3,-2,0,0.898007,0.898007,58.9623,3.14811,3.14811,3.1481,0.244714,0.244713,0.244714,1,0,0.00798202,0,1.13E-08,0
3,-2,0,0.908722,0.908722,60.9966,3.20539,3.20539,3.20539,0.232784,0.232784,0.232784,1,0,0.00628165,0,1.37E-08,0
3,-2,0,0.919172,0.919172,63.1541,3.26198,3.26198,3.26198,0.221218,0.221219,0.221218,1.00001,0,0.00489452,0,1.75E-08,0
3,-2,0,0.929337,0.929337,65.4465,3.31776,3.31776,3.31777,0.210026,0.210026,0.210027,1.00001,0,0.00377001,0,2.00E-08,0
3,-2,0,0.9392,0.9392,67.8872,3.37266,3.37266,3.37267,0.199219,0.199218,0.199218,1.00001,0,0.00286568,0,2.25E-08,0
3,-2,0,0.948745,0.948745,70.4915,3.42657,3.42658,3.42657,0.188806,0.188805,0.188806,1.00001,0,0.00214449,0,2.01E-08,0
3,-2,0,0.957953,0.957953,73.2766,3.47939,3.47939,3.47939,0.178801,0.178801,0.178801,1.00001,0,0.00157726,0,2.26E-08,0
3,-2,0,0.966808,0.966808,76.2622,3.53099,3.53099,3.53099,0.169217,0.169218,0.169217,1.00001,0,0.00113771,0,2.88E-08,0
3,-2,0,0.975294,0.975294,79.4707,3.58126,3.58127,3.58126,0.160068,0.160069,0.160068,1.00001,0,0.000801707,0,2.82E-08,0
3,-2,0,0.983394,0.983394,82.9277,3.63009,3.6301,3.6301,0.151365,0.151365,0.151365,1,0,0.000560551,0,7.01E-08,0
3,-2,0,0.991091,0.991091,86.6626,3.67735,3.67735,3.67735,0.14312,0.14312,0.14312,1,0,0.00037988,0,7.29E-08,0
3,-2,0,0.99837,0.99837,90.7089,3.72289,3.72288,3.72289,0.135343,0.135344,0.135343,1.00003,0,0.000239344,0,3.29E-08,0
3,-2,0,1.00522,1.00522,95.105,3.76659,3.76659,3.76659,0.128046,0.128047,0.128046,1.00003,0,0.000152178,0,3.33E-08,0
3,-2,0,1.01161,1.01161,99.8953,3.80832,3.80832,3.80831,0.121234,0.121233,0.121234,1.00002,0,0.000107137,0,5.14E-08,0
3,-2,0,1.01755,1.01755,105.131,3.84793,3.84794,3.84793,0.11491,0.11491,0.114911,1.00004,0,6.19E-05,0,3.30E-08,0
3,-2,0,1.02302,1.02302,110.87,3.88531,3.88531,3.88531,0.109078,0.109078,0.109079,1.00005,0,4.29E-05,0,2.41E-08,0
3,-2,0,1.02801,1.02801,117.18,3.92032,3.92032,3.92032,0.103736,0.103736,0.103735,1.00006,0,3.34E-05,0,1.39E-08,0
3,-2,0,1.03252,1.03252,124.141,3.95287,3.95287,3.95287,0.0988762,0.0988755,0.0988764,1,0,5.78E-05,0,3.42E-09,0
3,-2,0,1.03655,1.03655,131.842,3.98284,3.98284,3.98284,0.0944897,0.0944904,0.0944897,1.00006,0,2.36E-05,0,8.86E-10,0
3,-2,0,1.04011,1.04011,140.391,4.01018,4.01018,4.01018,0.0905655,0.0905651,0.0905652,1.00005,0,1.89E-05,0,1.92E-10,0
3,-2,0,1.0432,1.0432,149.911,4.03483,4.03483,4.03483,0.0870851,0.0870846,0.0870853,1,0,1.95E-05,0,2.65E-11,0
3,-2,0,1.04585,1.04585,160.55,4.05678,4.05678,4.05678,0.0840294,0.084029,0.0840295,1,0,-3.31E-05,0,4.31E-13,0
3,-2,0,1.04808,1.04808,172.481,4.07604,4.07605,4.07605,0.0813767,0.0813762,0.0813768,0.999999,0,-0.000138819,0,-8.90E-13,0
3,-2,0,1.04992,1.04992,185.91,4.09266,4.09266,4.09266,0.0791015,0.0791015,0.0791016,0.999999,0,-0.000348313,0,-2.67E-13,0
3,-2,0,1.0514,1.0514,201.088,4.10673,4.10673,4.10673,0.0771795,0.0771795,0.0771797,0.999999,0,-0.000764643,0,-4.32E-14,0
3,-2,0,1.05255,1.05255,218.317,4.11837,4.11836,4.11837,0.075583,0.075583,0.0755831,0.999998,0,-0.00161592,0,-4.42E-15,0
3,-2,0,1.05342,1.05342,237.965,4.12773,4.12773,4.12773,0.0742839,0.0742837,0.0742834,0.999999,0,-0.00342532,0,-9.50E-17,0
3,-2,0,1.05406,1.05406,260.492,4.13503,4.13503,4.13503,0.0732532,0.0732532,0.0732536,0.994729,0,-0.00483492,0,-1.05E-17,0
3,-2,0,1.0545,1.0545,286.467,4.14049,4.14049,4.14049,0.0724623,0.0724624,0.0724624,0.982,0,-0.0080485,0,-5.56E-18,0
3,-2,0,1.05478,1.05478,316.612,4.14439,4.14439,4.14439,0.0718793,0.0718795,0.0718793,0.966547,0,-0.0245691,0,4.52E-20,0
4,-2,0,1.05496,1.05496,351.851,4.147,4.147,4.147,0.0714718,0.0714718,0.071472,0.932571,0,-0.0726458,0,-2.57E-19,0
4,-2,0,1.05505,1.05505,393.383,4.14863,4.14863,4.14863,0.0712059,0.0712059,0.0712059,0.736826,0,-0.146088,0,6.37E-19,0
4,-2,0,1.0551,1.0551,442.787,4.14956,4.14956,4.14956,0.0710472,0.0710473,0.0710473,0.0136476,0,-0.00167401,0,3.44E-19,0
4,-2,0,1.05512,1.05512,502.179,4.15003,4.15003,4.15003,0.0709631,0.070963,0.0709631,0.560232,0,1.61132,0,2.35E-18,0
4,-2,0,1.05512,1.05512,574.447,4.15024,4.15024,4.15024,0.0709248,0.0709248,0.0709248,0.573241,0,1.74384,0,-8.81E-18,0
4,-2,0,1.05512,1.05512,663.616,4.15031,4.15031,4.15031,0.0709105,0.0709105,0.0709105,0.727949,0,1.37372,0,5.63E-19,0
4,-2,0,1.05513,1.05513,775.433,4.15033,4.15033,4.15033,0.0709065,0.0709065,0.0709065,0.587268,0,1.7028,0,1.41E-17,0
4,-2,0,1.05513,1.05513,918.333,4.15034,4.15034,4.15034,0.0709057,0.0709057,0.0709057,0.480267,0,2.08217,0,-1.76E-18,0
4,-2,0,1.05513,1.05513,1105.12,4.15034,4.15034,4.15034,0.0709056,0.0709056,0.0709056,0.792216,0,1.26228,0,-1.87E-17,0
4,-2,0,1.05513,1.05513,1356.03,4.15034,4.15034,4.15034,0.0709056,0.0709056,0.0709056,0.671354,0,1.48953,0,2.83E-18,0
4,-2,0,1.05513,1.05513,1704.63,4.15034,4.15034,4.15034,0.0709056,0.0709056,0.0709056,0.625684,0,1.59825,0,-3.22E-17,0
4,-2,0,1.05513,1.05513,2210.18,4.15034,4.15034,4.15034,0.0709056,0.0709056,0.0709056,0.943586,0,1.05979,0,2.85E-17,0
4,-2,0,1.05513,1.05513,2986.08,4.15034,4.15034,4.15034,0.0709056,0.0709056,0.0709056,0.914825,0,1.09311,0,-4.06E-17,0
4,-2,0,1.05513,1.05513,4274.64,4.15034,4.15034,4.15034,0.0709056,0.0709056,0.0709056,1.66834,0,0.599397,0,-8.17E-19,0
4,-2,0,1.05513,1.05513,6685.37,4.15034,4.15034,4.15034,0.0709056,0.0709056,0.0709056,3.34426,0,0.29902,0,1.98E-19,0
4,-2,0,1.05513,1.05513,12236.6,4.15034,4.15034,4.15034,0.0709056,0.0709056,0.0709056,3.24292,0,0.308364,0,-4.50E-19,0
4,-2,0,1.05513,1.05513,33579.9,4.15034,4.15034,4.15034,0.0709056,0.0709056,0.0709056,4.54181,0,0.220176,0,2.08E-18,0
4,-2,0,1.05513,1.05513,80583.5,4.15034,4.15034,4.15034,0.0709056,0.0709056,0.0709056,10.0597,0,0.0994061,0,-4.18E-19,0
4,-2,0,1.05513,1.05513,141720,4.15034,4.15034,4.15034,0.0709056,0.0709056,0.0709056,9.71012,0,0.102985,0,-2.91E-18,0
4,-2,0,1.05513,1.05513,303635,4.15034,4.15034,4.15034,0.0709056,0.0709056,0.0709056,9.4687,0,0.105611,0,2.91E-20,0
4,-2,0,1.05513,1.05513,512661,4.15034,4.15034,4.15034,0.0709056,0.0709056,0.0709056,9.37143,0,0.106707,0,-6.36E-19,0
4,-2,0,1.05513,1.05513,1.03E+06,4.15034,4.15034,4.15034,0.0709056,0.0709056,0.0709056,9.31968,0,0.1073,0,-2.51E-18,0
4,-2,0,1.05513,1.05513,1.64E+06,4.15034,4.15034,4.15034,0.0709056,0.0709056,0.0709056,9.31438,0,0.107361,0,2.31E-18,0
4,-2,0,1.05513,1.05513,2.96E+06,4.15034,4.15034,4.15034,0.0709056,0.0709056,0.0709056,9.29942,0,0.107534,0,-2.07E-18,0
4,-2,0,1.05513,1.05513,7.67E+06,4.15034,4.15034,4.15034,0.0709056,0.0709056,0.0709056,9.28095,0,0.107748,0,1.30E-18,0
4,-2,0,1.05513,1.05513,1.05E+07,4.15034,4.15034,4.15034,0.0709056,0.0709056,0.0709056,9.29358,0,0.107601,0,1.13E-18,0
4,-2,0,1.05513,1.05513,1.52E+07,4.15034,4.15034,4.15034,0.0709056,0.0709056,0.0709056,9.28822,0,0.107663,0,1.52E-18,0
4,-2,0,1.05513,1.05513,2.55E+07,4.15034,4.15034,4.15034,0.0709056,0.0709056,0.0709056,9.28783,0,0.107668,0,-1.30E-18,0
4,-2,0,1.05513,1.05513,3.16E+07,4.15034,4.15034,4.15034,0.0709056,0.0709056,0.0709056,9.29129,0,0.107628,0,9.75E-19,0
4,-2,0,1.05513,1.05513,5.86E+07,4.15034,4.15034,4.15034,0.0709056,0.0709056,0.0709056,9.29153,0,0.107625,0,4.73E-21,0
4,-2,0,1.05513,1.05513,9.00E+07,4.15034,4.15034,4.15034,0.0709056,0.0709056,0.0709056,9.2844,0,0.107708,0,3.82E-19,0
4,-2,0,1.05513,1.05513,9.72E+07,4.15034,4.15034,4.15034,0.0709056,0.0709056,0.0709056,9.29079,0,0.107633,0,-6.27E-19,0
4,-2,0,1.05513,1.05513,1.69E+08,4.15034,4.15034,4.15034,0.0709056,0.0709056,0.0709056,9.29063,0,0.107635,0,3.95E-19,0
4,-2,0,1.05513,1.05513,1.95E+08,4.15034,4.15034,4.15034,0.0709056,0.0709056,0.0709056,9.29228,0,0.107616,0,5.84E-19,0
4,-2,0,1.05513,1.05513,2.52E+08,4.15034,4.15034,4.15034,0.0709056,0.0709056,0.0709056,9.29216,0,0.107618,0,1.17E-18,0
4,-2,0,1.05513,1.05513,3.28E+08,4.15034,4.15034,4.15034,0.0709056,0.0709056,0.0709056,9.29023,0,0.10764,0,-6.32E-19,0
4,-2,0,1.05513,1.05513,3.13E+08,4.15034,4.15034,4.15034,0.0709056,0.0709056,0.0709056,9.29036,0,0.107638,0,1.12E-18,0
4,-2,0,1.05513,1.05513,4.84E+08,4.15034,4.15034,4.15034,0.0709056,0.0709056,0.0709056,9.29062,0,0.107635,0,1.54E-18,0
4,-2,0,1.05513,1.05513,4.99E+08,4.15034,4.15034,4.15034,0.0709056,0.0709056,0.0709056,9.29008,0,0.107642,0,4.26E-18,0
4,-2,0,1.05513,1.05513,5.89E+08,4.15034,4.15034,4.15034,0.0709056,0.0709056,0.0709056,9.29008,0,0.107642,0,4.26E-18,0
2,1,0,2,1,0,9.99025,0.099347,0.0100683,9.99025,0.099347,0.0100683,9.29008,0,0.107642,0,4.26E-18,0
1,1,0,1.99961,1,0,9.98829,0.0993855,0.0100722,9.98829,0.0993855,0.0100722,0.803569,0,0.834179,0,0.818731,0
1,1,0,1.99922,1,0,9.98633,0.0994241,0.0100761,9.98633,0.0994241,0.0100761,0.80356,0,0.834188,0,0.818731,0
1,1,0,1.99844,1,0,9.98241,0.0995012,0.010084,9.98241,0.0995012,0.010084,0.803542,0,0.834206,0,0.818731,0
1,1,0,1.99688,1,0,9.97456,0.0996558,0.0100998,9.97456,0.0996558,0.0100998,0.803508,0,0.834242,0,0.818731,0
1,1,0,1.99375,1,0,9.95887,0.0999661,0.0101316,9.95887,0.0999661,0.0101316,0.803438,0,0.834315,0,0.818731,0
1,1,0,1.98751,1,0,9.9275,0.100591,0.0101955,9.9275,0.100591,0.0101955,0.803296,0,0.834461,0,0.818731,0
1,1,0,1.97775,1,0,9.87847,0.101579,0.0102966,9.87847,0.101579,0.0102966,0.803072,0,0.834695,0,0.818731,0
1,1,0,1.968,1,0,9.82944,0.102582,0.0103992,9.82944,0.102582,0.0103992,0.802843,0,0.834932,0,0.818731,0
1,1,0,1.95825,1,0,9.78041,0.1036,0.0105033,9.78041,0.1036,0.0105033,0.80261,0,0.835175,0,0.818731,0
1,1,0,1.9485,1,0,9.73138,0.104632,0.0106091,9.73138,0.104632,0.0106091,0.802372,0,0.835422,0,0.818731,0
1,1,0,1.93875,1,0,9.68235,0.105681,0.0107164,9.68235,0.105681,0.0107164,0.80213,0,0.835675,0,0.818731,0
1,1,0,1.929,1,0,9.63332,0.106744,0.0108254,9.63332,0.106744,0.0108254,0.801883,0,0.835932,0,0.818731,0
1,1,0,1.91925,1,0,9.58429,0.107824,0.0109361,9.58429,0.107824,0.0109361,0.801631,0,0.836195,0,0.818731,0
1,1,0,1.90951,1,0,9.53526,0.108921,0.0110486,9.53526,0.108921,0.0110486,0.801374,0,0.836463,0,0.818731,0
1,1,0,1.89977,1,0,9.48624,0.110034,0.0111628,9.48624,0.110034,0.0111628,0.801112,0,0.836737,0,0.818731,0
1,1,0,1.89002,1,0,9.43721,0.111164,0.0112787,9.43721,0.111164,0.0112787,0.800845,0,0.837016,0,0.818731,0
1,1,0,1.88029,1,0,9.38818,0.112312,0.0113966,9.38818,0.112312,0.0113966,0.800572,0,0.837301,0,0.818731,0
1,1,0,1.87055,1,0,9.33915,0.113477,0.0115162,9.33915,0.113477,0.0115162,0.800294,0,0.837592,0,0.818732,0
1,1,0,1.86082,1,0,9.29012,0.114661,0.0116378,9.29012,0.114661,0.0116378,0.80001,0,0.837889,0,0.818732,0
1,1,0,1.85108,1,0,9.24109,0.115863,0.0117614,9.24109,0.115863,0.0117614,0.799721,0,0.838192,0,0.818732,0
1,1,0,1.84135,1,0,9.19206,0.117084,0.0118869,9.19206,0.117084,0.0118869,0.799425,0,0.838501,0,0.818732,0
1,1,0,1.83163,1,0,9.14303,0.118324,0.0120145,9.14303,0.118324,0.0120145,0.799124,0,0.838818,0,0.818732,0
1,1,0,1.8219,1,0,9.09401,0.119584,0.0121442,9.09401,0.119584,0.0121442,0.798816,0,0.839141,0,0.818732,0
1,1,0,1.81218,1,0,9.04498,0.120864,0.012276,9.04498,0.120864,0.012276,0.798502,0,0.839471,0,0.818732,0
1,1,0,1.80246,1,0,8.99595,0.122165,0.01241,8.99595,0.122165,0.01241,0.798182,0,0.839808,0,0.818732,0
1,1,0,1.79274,1,0,8.94692,0.123487,0.0125463,8.94692,0.123487,0.0125463,0.797855,0,0.840152,0,0.818732,0
1,1,0,1.78303,1,0,8.89789,0.12483,0.0126848,8.89789,0.12483,0.0126848,0.79752,0,0.840504,0,0.818732,0
1,1,0,1.77332,1,0,8.84886,0.126195,0.0128256,8.84886,0.126195,0.0128256,0.797179,0,0.840864,0,0.818732,0
1,1,0,1.76361,1,0,8.79983,0.127583,0.0129688,8.79983,0.127583,0.0129688,0.796831,0,0.841231,0,0.818732,0
1,1,0,1.75391,1,0,8.7508,0.128993,0.0131145,8.7508,0.128993,0.0131145,0.796475,0,0.841607,0,0.818732,0
1,1,0,1.74421,1,0,8.70177,0.130427,0.0132626,8.70177,0.130427,0.0132626,0.796112,0,0.841991,0,0.818732,0
1,1,0,1.73451,1,0,8.65275,0.131885,0.0134133,8.65275,0.131885,0.0134133,0.795741,0,0.842384,0,0.818732,0
1,1,0,1.72482,1,0,8.60372,0.133367,0.0135667,8.60372,0.133367,0.0135667,0.795361,0,0.842786,0,0.818732,0
1,1,0,1.71513,1,0,8.55469,0.134875,0.0137227,8.55469,0.134875,0.0137227,0.794974,0,0.843196,0,0.818732,0
1,1,0,1.70544,1,0,8.50566,0.136408,0.0138814,8.50566,0.136408,0.0138814,0.794578,0,0.843616,0,0.818732,0
1,1,0,1.69576,1,0,8.45663,0.137967,0.014043,8.45663,0.137967,0.014043,0.794173,0,0.844046,0,0.818732,0
1,1,0,1.68608,1,0,8.4076,0.139553,0.0142074,8.4076,0.139553,0.0142074,0.79376,0,0.844486,0,0.818732,0
1,1,0,1.67641,1,0,8.35857,0.141167,0.0143748,8.35857,0.141167,0.0143748,0.793337,0,0.844936,0,0.818732,0
1,1,0,1.66674,1,0,8.30955,0.142808,0.0145452,8.30955,0.142808,0.0145452,0.792905,0,0.845396,0,0.818732,0
1,1,0,1.65708,1,0,8.26052,0.144478,0.0147186,8.26052,0.144478,0.0147186,0.792463,0,0.845867,0,0.818732,0
1,1,0,1.64742,1,0,8.21149,0.146178,0.0148953,8.21149,0.146178,0.0148953,0.792011,0,0.84635,0,0.818732,0
1,1,0,1.63776,1,0,8.16246,0.147908,0.0150752,8.16246,0.147908,0.0150752,0.791549,0,0.846844,0,0.818732,0
1,1,0,1.62812,1,0,8.11343,0.149668,0.0152584,8.11343,0.149668,0.0152584,0.791077,0,0.847349,0,0.818733,0
1,1,0,1.61848,1,0,8.0644,0.15146,0.0154451,8.0644,0.15146,0.0154451,0.790594,0,0.847867,0,0.818733,0
1,1,0,1.60884,1,0,8.01537,0.153285,0.0156352,8.01537,0.153285,0.0156352,0.790099,0,0.848398,0,0.818733,0
1,1,0,1.59921,1,0,7.96635,0.155142,0.0158289,7.96635,0.155142,0.0158289,0.789594,0,0.848941,0,0.818733,0
1,1,0,1.58959,1,0,7.91732,0.157034,0.0160263,7.91732,0.157034,0.0160263,0.789076,0,0.849498,0,0.818733,0
1,1,0,1.57997,1,0,7.86829,0.15896,0.0162275,7.86829,0.15896,0.0162275,0.788547,0,0.850068,0,0.818733,0
1,1,0,1.57036,1,0,7.81926,0.160922,0.0164326,7.81926,0.160922,0.0164326,0.788005,0,0.850653,0,0.818733,0
1,1,0,1.56076,1,0,7.77023,0.16292,0.0166417,7.77023,0.16292,0.0166417,0.78745,0,0.851252,0,0.818733,0
1,1,0,1.55116,1,0,7.72121,0.164956,0.0168549,7.72121,0.164956,0.0168549,0.786882,0,0.851866,0,0.818733,0
1,1,0,1.54158,1,0,7.67218,0.16703,0.0170722,7.67218,0.16703,0.0170722,0.786301,0,0.852496,0,0.818733,0
1,1,0,1.532,1,0,7.62315,0.169144,0.0172939,7.62315,0.169144,0.0172939,0.785705,0,0.853141,0,0.818733,0
1,1,0,1.52243,1,0,7.57412,0.171298,0.01752,7.57412,0.171298,0.01752,0.785096,0,0.853804,0,0.818733,0
1,1,0,1.51287,1,0,7.52509,0.173494,0.0177507,7.52509,0.173494,0.0177507,0.784471,0,0.854483,0,0.818734,0
1,1,0,1.50332,1,0,7.47607,0.175732,0.0179861,7.47607,0.175732,0.0179861,0.783832,0,0.85518,0,0.818734,0
1,1,0,1.49378,1,0,7.42704,0.178014,0.0182263,7.42704,0.178014,0.0182263,0.783177,0,0.855896,0,0.818734,0
1,1,0,1.48425,1,0,7.37801,0.180341,0.0184715,7.37801,0.180341,0.0184715,0.782505,0,0.85663,0,0.818734,0
1,1,0,1.47473,1,0,7.32898,0.182714,0.0187217,7.32898,0.182714,0.0187217,0.781817,0,0.857384,0,0.818734,0
1,1,0,1.46522,1,0,7.27996,0.185135,0.0189772,7.27996,0.185135,0.0189772,0.781112,0,0.858158,0,0.818734,0
1,1,0,1.45573,1,0,7.23093,0.187604,0.0192382,7.23093,0.187604,0.0192382,0.780389,0,0.858952,0,0.818734,0
1,1,0,1.44624,1,0,7.1819,0.190123,0.0195047,7.1819,0.190123,0.0195047,0.779648,0,0.859768,0,0.818735,0
1,1,0,1.43677,1,0,7.13287,0.192694,0.0197769,7.13287,0.192694,0.0197769,0.778888,0,0.860607,0,0.818735,0
1,1,0,1.42732,1,0,7.08385,0.195318,0.020055,7.08385,0.195318,0.020055,0.778109,0,0.861468,0,0.818735,0
1,1,0,1.41788,1,0,7.03482,0.197996,0.0203393,7.03482,0.197996,0.0203393,0.77731,0,0.862354,0,0.818735,0
1,1,0,1.40845,1,0,6.98579,0.20073,0.0206298,6.98579,0.20073,0.0206298,0.776491,0,0.863264,0,0.818735,0
1,1,0,1.39904,1,0,6.93677,0.203522,0.0209268,6.93677,0.203522,0.0209268,0.77565,0,0.864199,0,0.818735,0
1,1,0,1.38965,1,0,6.88774,0.206373,0.0212305,6.88774,0.206373,0.0212305,0.774787,0,0.865162,0,0.818736,0
1,1,0,1.38027,1,0,6.83872,0.209286,0.021541,6.83872,0.209286,0.021541,0.773902,0,0.866151,0,0.818736,0
1,1,0,1.37092,1,0,6.78969,0.212261,0.0218587,6.78969,0.212261,0.0218587,0.772993,0,0.867169,0,0.818736,0
1,1,0,1.36158,1,0,6.74066,0.215302,0.0221838,6.74066,0.215302,0.0221838,0.77206,0,0.868217,0,0.818736,0
1,1,0,1.35226,1,0,6.69164,0.218409,0.0225164,6.69164,0.218409,0.0225164,0.771102,0,0.869295,0,0.818737,0
1,1,0,1.34297,1,0,6.64262,0.221586,0.0228569,6.64262,0.221586,0.0228569,0.770118,0,0.870405,0,0.818737,0
1,1,0,1.3337,1,0,6.59359,0.224833,0.0232056,6.59359,0.224833,0.0232056,0.769108,0,0.871548,0,0.818737,0
1,1,0,1.32445,1,0,6.54457,0.228155,0.0235626,6.54457,0.228155,0.0235626,0.76807,0,0.872725,0,0.818737,0
1,1,0,1.31523,1,0,6.49554,0.231552,0.0239283,6.49554,0.231552,0.0239283,0.767004,0,0.873938,0,0.818738,0
1,1,0,1.30603,1,0,6.44652,0.235028,0.0243031,6.44652,0.235028,0.0243031,0.765908,0,0.875188,0,0.818738,0
1,1,0,1.29687,1,0,6.3975,0.238584,0.0246871,6.3975,0.238584,0.0246871,0.764782,0,0.876476,0,0.818738,0
1,1,0,1.28773,1,0,6.34848,0.242225,0.0250809,6.34848,0.242225,0.0250809,0.763625,0,0.877805,0,0.818739,0
1,1,0,1.27863,1,0,6.29946,0.245953,0.0254846,6.29946,0.245953,0.0254846,0.762434,0,0.879175,0,0.818739,0
1,1,0,1.26956,1,0,6.25044,0.24977,0.0258988,6.25044,0.24977,0.0258988,0.76121,0,0.880588,0,0.81874,0
1,1,0,1.26052,1,0,6.20142,0.253681,0.0263238,6.20142,0.253681,0.0263238,0.759951,0,0.882046,0,0.81874,0
1,1,0,1.25153,1,0,6.1524,0.257688,0.02676,6.1524,0.257688,0.02676,0.758656,0,0.883552,0,0.818741,0
1,1,0,1.24257,1,0,6.10338,0.261794,0.0272078,6.10338,0.261794,0.0272078,0.757323,0,0.885106,0,0.818741,0
1,1,0,1.23366,1,0,6.05436,0.266005,0.0276678,6.05436,0.266005,0.0276678,0.755951,0,0.886712,0,0.818742,0
1,1,0,1.22479,1,0,6.00535,0.270323,0.0281404,6.00535,0.270323,0.0281404,0.754539,0,0.888371,0,0.818742,0
1,1,0,1.21597,1,0,5.95633,0.274754,0.0286262,5.95633,0.274754,0.0286262,0.753084,0,0.890086,0,0.818743,0
1,1,0,1.2072,1,0,5.90732,0.2793,0.0291257,5.90732,0.2793,0.0291257,0.751586,0,0.89186,0,0.818744,0
1,1,0,1.19848,1,0,5.85831,0.283968,0.0296395,5.85831,0.283968,0.0296395,0.750043,0,0.893694,0,0.818744,0
1,1,0,1.18983,1,0,5.8093,0.288762,0.0301682,5.8093,0.288762,0.0301682,0.748453,0,0.895592,0,0.818745,0
1,1,0,1.18124,1,0,5.7603,0.293688,0.0307125,5.7603,0.293688,0.0307125,0.746813,0,0.897557,0,0.818746,0
1,1,0,1.17271,1,0,5.71129,0.29875,0.0312731,5.71129,0.29875,0.0312731,0.745123,0,0.899593,0,0.818747,0
1,1,0,1.16425,1,0,5.66229,0.303957,0.0318508,5.66229,0.303957,0.0318508,0.743379,0,0.901702,0,0.818748,0
1,1,0,1.15588,1,0,5.61329,0.309313,0.0324463,5.61329,0.309313,0.0324463,0.74158,0,0.903888,0,0.818749,0
1,1,0,1.14758,1,0,5.5643,0.314826,0.0330607,5.5643,0.314826,0.0330607,0.739724,0,0.906155,0,0.81875,0
1,1,0,1.13937,1,0,5.51531,0.320503,0.0336948,5.51531,0.320503,0.0336948,0.737807,0,0.908508,0,0.818751,0
1,1,0,1.13126,1,0,5.46632,0.326354,0.0343496,5.46632,0.326354,0.0343496,0.735827,0,0.910951,0,0.818752,0
1,1,0,1.12325,1,0,5.41734,0.332386,0.0350262,5.41734,0.332386,0.0350262,0.733782,0,0.913489,0,0.818753,0
1,1,0,1.11535,1,0,5.36837,0.338609,0.0357258,5.36837,0.338609,0.0357258,0.731668,0,0.916127,0,0.818755,0
1,1,0,1.10757,1,0,5.3194,0.345033,0.0364498,5.3194,0.345033,0.0364498,0.729481,0,0.918871,0,0.818756,0
1,1,0,1.09993,1,0,5.27044,0.351671,0.0371994,5.27044,0.351671,0.0371994,0.727219,0,0.921728,0,0.818758,0
1,1,0,1.09242,1,0,5.22149,0.358534,0.0379763,5.22149,0.358534,0.0379763,0.724877,0,0.924704,0,0.81876,0
1,1,0,1.08508,1,0,5.17256,0.365636,0.038782,5.17256,0.365636,0.038782,0.722451,0,0.927806,0,0.818762,0
1,1,0,1.0779,1,0,5.12363,0.372993,0.0396185,5.12363,0.372993,0.0396185,0.719937,0,0.931044,0,0.818764,0
1,1,0,1.07091,1,0,5.07472,0.38062,0.0404877,5.07472,0.38062,0.0404877,0.71733,0,0.934425,0,0.818766,0
1,1,0,1.06412,1,0,5.02583,0.388538,0.0413919,5.02583,0.388538,0.0413919,0.714624,0,0.93796,0,0.818768,0
1,1,0,1.05756,1,0,4.97695,0.396765,0.0423335,4.97695,0.396765,0.0423335,0.711814,0,0.94166,0,0.818771,0
1,1,0,1.05125,1,0,4.92811,0.405326,0.0433154,4.92811,0.405326,0.0433154,0.708892,0,0.945538,0,0.818774,0
1,1,0,1.04523,1,0,4.87929,0.414248,0.0443406,4.87929,0.414248,0.0443406,0.705852,0,0.949607,0,0.818777,0
1,1,0,1.03951,1,0,4.83051,0.42356,0.0454125,4.83051,0.42356,0.0454125,0.702685,0,0.953882,0,0.818781,0
1,1,0,1.03415,1,0,4.78177,0.433298,0.0465353,4.78177,0.433298,0.0465353,0.699382,0,0.958383,0,0.818785,0
1,1,0,1.0292,1,0,4.73309,0.4435,0.0477133,4.73309,0.4435,0.0477133,0.695932,0,0.963129,0,0.818789,0
1,1,0,1.02469,1,0,4.68448,0.454213,0.0489518,4.68448,0.454213,0.0489518,0.692323,0,0.968144,0,0.818794,0
1,1,0,1.02071,1,0,4.63595,0.465492,0.0502567,4.63595,0.465492,0.0502567,0.688541,0,0.973456,0,0.818799,0
1,1,0,1.01734,1,0,4.58752,0.4774,0.0516352,4.58752,0.4774,0.0516352,0.684569,0,0.979096,0,0.818805,0
1,1,0,1.01467,1,0,4.53924,0.490015,0.0530953,4.53924,0.490015,0.0530953,0.680389,0,0.985103,0,0.818812,0
1,1,0,1.01284,1,0,4.49113,0.50343,0.0546469,4.49113,0.50343,0.0546469,0.675978,0,0.991522,0,0.81882,0
1,1,0,1.012,1,0,4.44326,0.517756,0.0563017,4.44326,0.517756,0.0563017,0.671308,0,0.99841,0,0.818828,0
1,1,0,1.01197,1,0,4.43273,0.521055,0.0566823,4.43273,0.521055,0.0566823,0.670239,0,1,0,0.81883,0
2,1,0,1.01264,1,0,4.38528,0.536688,0.0584823,4.38528,0.536688,0.0584823,0.665207,0,1.00755,0,0.81884,0
2,1,0,1.01488,1,0,4.33832,0.553589,0.0604208,4.33832,0.553589,0.0604208,0.659834,0,1.01574,0,0.818852,0
2,1,0,1.01906,1,0,4.29206,0.571985,0.0625189,4.29206,0.571985,0.0625189,0.654069,0,1.02468,0,0.818866,0
2,1,0,1.02575,1,0,4.24686,0.592153,0.0648014,4.24686,0.592153,0.0648014,0.647854,0,1.03449,0,0.818881,0
2,1,0,1.03566,1,0,4.20327,0.614417,0.0672948,4.20327,0.614417,0.0672948,0.641127,0,1.04532,0,0.8189,0
2,1,0,1.04977,1,0,4.16223,0.6391,0.0700203,4.16223,0.6391,0.0700203,0.633841,0,1.05731,0,0.818922,0
2,1,0,1.06921,1,0,4.12522,0.666375,0.0729764,4.12522,0.666375,0.0729764,0.626007,0,1.0705,0,0.818948,0
2,1,0,1.09492,1,0,4.09432,0.695947,0.0761049,4.09432,0.695947,0.0761049,0.617778,0,1.08472,0,0.818978,0
2,1,0,1.12694,1,0,4.07161,0.726753,0.0792685,4.07161,0.726753,0.0792685,0.609505,0,1.0994,0,0.81901,0
2,1,0,1.16404,1,0,4.05799,0.757231,0.0822925,4.05799,0.757231,0.0822925,0.601624,0,1.11376,0,0.819044,0
2,1,0,1.20438,1,0,4.05259,0.786148,0.0850568,4.05259,0.786148,0.0850568,0.594428,0,1.1272,0,0.819077,0
2,1,0,1.24647,1,0,4.0537,0.812998,0.0875272,4.0537,0.812998,0.0875272,0.587992,0,1.13949,0,0.819108,0
2,1,0,1.28943,1,0,4.0596,0.837786,0.0897226,4.0596,0.837786,0.0897226,0.58226,0,1.15067,0,0.819137,0
2,1,0,1.33281,1,0,4.06899,0.860724,0.0916794,4.06899,0.860724,0.0916794,0.577134,0,1.16085,0,0.819164,0
2,1,0,1.3764,1,0,4.08091,0.882061,0.0934345,4.08091,0.882061,0.0934345,0.572518,0,1.17017,0,0.819189,0
2,1,0,1.42009,1,0,4.09469,0.902026,0.0950194,4.09469,0.902026,0.0950194,0.56833,0,1.17876,0,0.819213,0
2,1,0,1.46385,1,0,4.10986,0.920814,0.0964601,4.10986,0.920814,0.0964601,0.564506,0,1.18672,0,0.819235,0
2,1,0,1.50766,1,0,4.12608,0.938583,0.0977777,4.12608,0.938583,0.0977777,0.56099,0,1.19412,0,0.819255,0
2,1,0,1.55152,1,0,4.1431,0.955464,0.0989889,4.1431,0.955464,0.0989889,0.55774,0,1.20105,0,0.819274,0
2,1,0,1.59544,1,0,4.16072,0.971564,0.100108,4.16072,0.971564,0.100108,0.554723,0,1.20756,0,0.819292,0
2,1,0,1.63943,1,0,4.1788,0.986971,0.101145,4.1788,0.986971,0.101145,0.551909,0,1.21369,0,0.819309,0
2,1,0,1.68348,1,0,4.19723,1.00176,0.10211,4.19723,1.00176,0.10211,0.549275,0,1.21949,0,0.819325,0
2,1,0,1.72762,1,0,4.21591,1.01598,0.103011,4.21591,1.01598,0.103011,0.546801,0,1.22498,0,0.81934,0
2,1,0,1.77183,1,0,4.23478,1.02971,0.103855,4.23478,1.02971,0.103855,0.544471,0,1.2302,0,0.819355,0
2,1,0,1.81614,1,0,4.25378,1.04297,0.104646,4.25378,1.04297,0.104646,0.542271,0,1.23517,0,0.819368,0
2,1,0,1.86053,1,0,4.27286,1.0558,0.105391,4.27286,1.0558,0.105391,0.540189,0,1.23991,0,0.819381,0
2,1,0,1.90502,1,0,4.29199,1.06825,0.106092,4.29199,1.06825,0.106092,0.538214,0,1.24445,0,0.819394,0
2,1,0,1.9496,1,0,4.31113,1.08033,0.106755,4.31113,1.08033,0.106755,0.536337,0,1.24878,0,0.819406,0
2,1,0,1.99427,1,0,4.33026,1.09208,0.107381,4.33026,1.09208,0.107381,0.534551,0,1.25294,0,0.819417,0
2,1,0,2.03904,1,0,4.34936,1.10351,0.107973,4.34936,1.10351,0.107973,0.532847,0,1.25693,0,0.819427,0
2,1,0,2.0839,1,0,4.3684,1.11466,0.108535,4.3684,1.11466,0.108535,0.531221,0,1.26076,0,0.819438,0
2,1,0,2.12886,1,0,4.38739,1.12553,0.109068,4.38739,1.12553,0.109068,0.529665,0,1.26445,0,0.819447,0
2,1,0,2.17392,1,0,4.40629,1.13614,0.109575,4.40629,1.13614,0.109575,0.528176,0,1.268,0,0.819457,0
2,1,0,2.21906,1,0,4.42511,1.1465,0.110057,4.42511,1.1465,0.110057,0.526749,0,1.27142,0,0.819466,0
2,1,0,2.2643,1,0,4.44383,1.15664,0.110516,4.44383,1.15664,0.110516,0.525379,0,1.27472,0,0.819474,0
2,1,0,2.30963,1,0,4.46244,1.16656,0.110953,4.46244,1.16656,0.110953,0.524063,0,1.27791,0,0.819482,0
2,1,0,2.35505,1,0,4.48095,1.17627,0.11137,4.48095,1.17627,0.11137,0.522798,0,1.28099,0,0.81949,0
2,1,0,2.40056,1,0,4.49935,1.18579,0.111768,4.49935,1.18579,0.111768,0.52158,0,1.28397,0,0.819498,0
2,1,0,2.44616,1,0,4.51762,1.19512,0.112147,4.51762,1.19512,0.112147,0.520407,0,1.28685,0,0.819505,0
2,1,0,2.49184,1,0,4.53577,1.20427,0.11251,4.53577,1.20427,0.11251,0.519276,0,1.28964,0,0.819512,0
2,1,0,2.5376,1,0,4.5538,1.21325,0.112856,4.5538,1.21325,0.112856,0.518185,0,1.29235,0,0.819519,0
2,1,0,2.58344,1,0,4.57171,1.22207,0.113188,4.57171,1.22207,0.113188,0.517131,0,1.29497,0,0.819525,0
2,1,0,2.62937,1,0,4.58949,1.23073,0.113505,4.58949,1.23073,0.113505,0.516113,0,1.29752,0,0.819531,0
2,1,0,2.67537,1,0,4.60713,1.23924,0.113808,4.60713,1.23924,0.113808,0.515129,0,1.29999,0,0.819537,0
2,1,0,2.72144,1,0,4.62465,1.2476,0.114098,4.62465,1.2476,0.114098,0.514177,0,1.30239,0,0.819542,0
2,1,0,2.76759,1,0,4.64204,1.25583,0.114376,4.64204,1.25583,0.114376,0.513255,0,1.30472,0,0.819548,0
2,1,0,2.81382,1,0,4.6593,1.26393,0.114643,4.6593,1.26393,0.114643,0.512361,0,1.30698,0,0.819553,0
2,1,0,2.86011,1,0,4.67643,1.2719,0.114898,4.67643,1.2719,0.114898,0.511496,0,1.30919,0,0.819558,0
2,1,0,2.90647,1,0,4.69343,1.27974,0.115142,4.69343,1.27974,0.115142,0.510656,0,1.31133,0,0.819563,0
2,1,0,2.9529,1,0,4.7103,1.28747,0.115377,4.7103,1.28747,0.115377,0.509842,0,1.31342,0,0.819567,0
2,1,0,2.9994,1,0,4.72705,1.29508,0.115601,4.72705,1.29508,0.115601,0.509051,0,1.31545,0,0.819572,0
2,1,0,3.04595,1,0,4.74366,1.30258,0.115817,4.74366,1.30258,0.115817,0.508283,0,1.31743,0,0.819576,0
2,1,0,3.09257,1,0,4.76015,1.30997,0.116023,4.76015,1.30997,0.116023,0.507537,0,1.31936,0,0.81958,0
2,1,0,3.13926,1,0,4.77651,1.31726,0.116221,4.77651,1.31726,0.116221,0.506811,0,1.32125,0,0.819584,0
2,1,0,3.186,1,0,4.79275,1.32444,0.116411,4.79275,1.32444,0.116411,0.506106,0,1.32308,0,0.819588,0
2,1,0,3.23279,1,0,4.80887,1.33153,0.116593,4.80887,1.33153,0.116593,0.505419,0,1.32487,0,0.819591,0
2,1,0,3.27965,1,0,4.82486,1.33853,0.116767,4.82486,1.33853,0.116767,0.504751,0,1.32662,0,0.819595,0
2,1,0,3.32656,1,0,4.84073,1.34543,0.116935,4.84073,1.34543,0.116935,0.5041,0,1.32833,0,0.819598,0
2,1,0,3.37352,1,0,4.85648,1.35225,0.117095,4.85648,1.35225,0.117095,0.503466,0,1.33,0,0.819601,0
2,1,0,3.42053,1,0,4.87211,1.35898,0.117249,4.87211,1.35898,0.117249,0.502849,0,1.33163,0,0.819604,0
2,1,0,3.4676,1,0,4.88763,1.36562,0.117396,4.88763,1.36562,0.117396,0.502246,0,1.33322,0,0.819607,0
2,1,0,3.51471,1,0,4.90302,1.37219,0.117537,4.90302,1.37219,0.117537,0.501659,0,1.33477,0,0.81961,0
2,1,0,3.56188,1,0,4.91831,1.37867,0.117673,4.91831,1.37867,0.117673,0.501086,0,1.3363,0,0.819612,0
2,1,0,3.60909,1,0,4.93347,1.38508,0.117802,4.93347,1.38508,0.117802,0.500527,0,1.33778,0,0.819615,0
2,1,0,3.65635,1,0,4.94853,1.39141,0.117927,4.94853,1.39141,0.117927,0.499981,0,1.33924,0,0.819617,0
2,1,0,3.70365,1,0,4.96348,1.39767,0.118045,4.96348,1.39767,0.118045,0.499449,0,1.34066,0,0.819619,0
2,1,0,3.75099,1,0,4.97831,1.40386,0.118159,4.97831,1.40386,0.118159,0.498928,0,1.34206,0,0.819622,0
2,1,0,3.79838,1,0,4.99304,1.40998,0.118268,4.99304,1.40998,0.118268,0.498419,0,1.34343,0,0.819624,0
2,1,0,3.84581,1,0,5.00766,1.41603,0.118372,5.00766,1.41603,0.118372,0.497922,0,1.34476,0,0.819626,0
2,1,0,3.89328,1,0,5.02218,1.42201,0.118471,5.02218,1.42201,0.118471,0.497436,0,1.34607,0,0.819628,0
2,1,0,3.94079,1,0,5.03659,1.42793,0.118567,5.03659,1.42793,0.118567,0.496961,0,1.34736,0,0.81963,0
2,1,0,3.98834,1,0,5.0509,1.43379,0.118657,5.0509,1.43379,0.118657,0.496496,0,1.34862,0,0.819631,0
2,1,0,4.03593,1,0,5.06511,1.43959,0.118744,5.06511,1.43959,0.118744,0.496042,0,1.34985,0,0.819633,0
2,1,0,4.08355,1,0,5.07922,1.44532,0.118827,5.07922,1.44532,0.118827,0.495597,0,1.35106,0,0.819635,0
2,1,0,4.13121,1,0,5.09323,1.451,0.118905,5.09323,1.451,0.118905,0.495161,0,1.35225,0,0.819636,0
2,1,0,4.17891,1,0,5.10714,1.45662,0.11898,5.10714,1.45662,0.11898,0.494734,0,1.35341,0,0.819637,0
2,1,0,4.22664,1,0,5.12095,1.46219,0.119052,5.12095,1.46219,0.119052,0.494316,0,1.35455,0,0.819639,0
2,1,0,4.2744,1,0,5.13467,1.4677,0.11912,5.13467,1.4677,0.11912,0.493907,0,1.35567,0,0.81964,0
2,1,0,4.3222,1,0,5.1483,1.47316,0.119184,5.1483,1.47316,0.119184,0.493506,0,1.35677,0,0.819641,0
2,1,0,4.37003,1,0,5.16183,1.47856,0.119245,5.16183,1.47856,0.119245,0.493113,0,1.35785,0,0.819642,0
2,1,0,4.41789,1,0,5.17528,1.48391,0.119303,5.17528,1.48391,0.119303,0.492728,0,1.35891,0,0.819643,0
2,1,0,4.46578,1,0,5.18863,1.48922,0.119358,5.18863,1.48922,0.119358,0.49235,0,1.35995,0,0.819644,0
2,1,0,4.5137,1,0,5.20189,1.49447,0.11941,5.20189,1.49447,0.11941,0.491979,0,1.36098,0,0.819645,0
2,1,0,4.56165,1,0,5.21507,1.49968,0.119459,5.21507,1.49968,0.119459,0.491616,0,1.36198,0,0.819646,0
2,1,0,4.60963,1,0,5.22816,1.50484,0.119505,5.22816,1.50484,0.119505,0.49126,0,1.36297,0,0.819647,0
2,1,0,4.65764,1,0,5.24116,1.50995,0.119549,5.24116,1.50995,0.119549,0.49091,0,1.36394,0,0.819648,0
2,1,0,4.70568,1,0,5.25408,1.51502,0.11959,5.25408,1.51502,0.11959,0.490566,0,1.36489,0,0.819648,0
2,1,0,4.75374,1,0,5.26692,1.52004,0.119628,5.26692,1.52004,0.119628,0.490229,0,1.36583,0,0.819649,0
2,1,0,4.80183,1,0,5.27967,1.52502,0.119663,5.27967,1.52502,0.119663,0.489898,0,1.36675,0,0.81965,0
2,1,0,4.84994,1,0,5.29235,1.52996,0.119697,5.29235,1.52996,0.119697,0.489573,0,1.36766,0,0.81965,0
2,1,0,4.89808,1,0,5.30494,1.53486,0.119728,5.30494,1.53486,0.119728,0.489254,0,1.36855,0,0.819651,0
2,1,0,4.94625,1,0,5.31745,1.53971,0.119756,5.31745,1.53971,0.119756,0.488941,0,1.36942,0,0.819651,0
2,1,0,4.99444,1,0,5.32989,1.54452,0.119783,5.32989,1.54452,0.119783,0.488633,0,1.37029,0,0.819652,0
2,1,0,5.04265,1,0,5.34225,1.5493,0.119807,5.34225,1.5493,0.119807,0.48833,0,1.37114,0,0.819652,0
2,1,0,2,1,0,0.0100683,9.99025,0.099347,0.0100683,9.99025,0.099347,0.48833,0,1.37114,0,0.819652,0
1,1,0,1.99961,1,0,0.0100722,9.98829,0.0993855,0.0100722,9.98829,0.0993855,0.818731,0,0.803569,0,0.834179,0
1,1,0,1.99922,1,0,0.0100761,9.98633,0.0994241,0.0100761,9.98633,0.0994241,0.818731,0,0.80356,0,0.834188,0
1,1,0,1.99844,1,0,0.010084,9.98241,0.0995012,0.010084,9.98241,0.0995012,0.818731,0,0.803542,0,0.834206,0
1,1,0,1.99688,1,0,0.0100998,9.97456,0.0996558,0.0100998,9.97456,0.0996558,0.818731,0,0.803508,0,0.834242,0
1,1,0,1.99375,1,0,0.0101316,9.95887,0.0999661,0.0101316,9.95887,0.0999661,0.818731,0,0.803438,0,0.834315,0
1,1,0,1.98751,1,0,0.0101955,9.9275,0.100591,0.0101955,9.9275,0.100591,0.818731,0,0.803296,0,0.834461,0
1,1,0,1.97775,1,0,0.0102966,9.87847,0.101579,0.0102966,9.87847,0.101579,0.818731,0,0.803072,0,0.834695,0
1,1,0,1.968,1,0,0.0103992,9.82944,0.102582,0.0103992,9.82944,0.102582,0.818731,0,0.802843,0,0.834932,0
1,1,0,1.95825,1,0,0.0105033,9.78041,0.1036,0.0105033,9.78041,0.1036,0.818731,0,0.80261,0,0.835175,0
1,1,0,1.9485,1,0,0.0106091,9.73138,0.104632,0.0106091,9.73138,0.104632,0.818731,0,0.835422,0,0.802372,0
1,1,0,1.93875,1,0,0.0107164,9.68235,0.105681,0.0107164,9.68235,0.105681,0.818731,0,0.80213,0,0.835675,0
1,1,0,1.929,1,0,0.0108254,9.63332,0.106744,0.0108254,9.63332,0.106744,0.818731,0,0.835932,0,0.801883,0
1,1,0,1.91925,1,0,0.0109361,9.58429,0.107824,0.0109361,9.58429,0.107824,0.818731,0,0.801631,0,0.836195,0
1,1,0,1.90951,1,0,0.0110486,9.53526,0.108921,0.0110486,9.53526,0.108921,0.818731,0,0.801374,0,0.836463,0
1,1,0,1.89977,1,0,0.0111628,9.48624,0.110034,0.0111628,9.48624,0.110034,0.818731,0,0.801112,0,0.836737,0
1,1,0,1.89002,1,0,0.0112787,9.43721,0.111164,0.0112787,9.43721,0.111164,0.818731,0,0.800845,0,0.837016,0
1,1,0,1.88029,1,0,0.0113966,9.38818,0.112312,0.0113966,9.38818,0.112312,0.818731,0,0.800572,0,0.837301,0
1,1,0,1.87055,1,0,0.0115162,9.33915,0.113477,0.0115162,9.33915,0.113477,0.818732,0,0.800294,0,0.837592,0
1,1,0,1.86082,1,0,0.0116378,9.29012,0.114661,0.0116378,9.29012,0.114661,0.818732,0,0.80001,0,0.837889,0
1,1,0,1.85108,1,0,0.0117614,9.24109,0.115863,0.0117614,9.24109,0.115863,0.818732,0,0.799721,0,0.838192,0
1,1,0,1.84135,1,0,0.0118869,9.19206,0.117084,0.0118869,9.19206,0.117084,0.818732,0,0.799425,0,0.838501,0
1,1,0,1.83163,1,0,0.0120145,9.14303,0.118324,0.0120145,9.14303,0.118324,0.818732,0,0.799124,0,0.838818,0
1,1,0,1.8219,1,0,0.0121442,9.09401,0.119584,0.0121442,9.09401,0.119584,0.818732,0,0.798816,0,0.839141,0
1,1,0,1.81218,1,0,0.012276,9.04498,0.120864,0.012276,9.04498,0.120864,0.818732,0,0.839471,0,0.798502,0
1,1,0,1.80246,1,0,0.01241,8.99595,0.122165,0.01241,8.99595,0.122165,0.818732,0,0.798182,0,0.839808,0
1,1,0,1.79274,1,0,0.0125463,8.94692,0.123487,0.0125463,8.94692,0.123487,0.818732,0,0.797855,0,0.840152,0
1,1,0,1.78303,1,0,0.0126848,8.89789,0.12483,0.0126848,8.89789,0.12483,0.818732,0,0.79752,0,0.840504,0
1,1,0,1.77332,1,0,0.0128256,8.84886,0.126195,0.0128256,8.84886,0.126195,0.818732,0,0.797179,0,0.840864,0
1,1,0,1.76361,1,0,0.0129688,8.79983,0.127583,0.0129688,8.79983,0.127583,0.818732,0,0.796831,0,0.841231,0
1,1,0,1.75391,1,0,0.0131145,8.7508,0.128993,0.0131145,8.7508,0.128993,0.818732,0,0.796475,0,0.841607,0
1,1,0,1.74421,1,0,0.0132626,8.70177,0.130427,0.0132626,8.70177,0.130427,0.818732,0,0.796112,0,0.841991,0
1,1,0,1.73451,1,0,0.0134133,8.65275,0.131885,0.0134133,8.65275,0.131885,0.818732,0,0.795741,0,0.842384,0
1,1,0,1.72482,1,0,0.0135667,8.60372,0.133367,0.0135667,8.60372,0.133367,0.818732,0,0.842786,0,0.795361,0
1,1,0,1.71513,1,0,0.0137227,8.55469,0.134875,0.0137227,8.55469,0.134875,0.818732,0,0.794974,0,0.843196,0
1,1,0,1.70544,1,0,0.0138814,8.50566,0.136408,0.0138814,8.50566,0.136408,0.818732,0,0.794578,0,0.843616,0
1,1,0,1.69576,1,0,0.014043,8.45663,0.137967,0.014043,8.45663,0.137967,0.818732,0,0.794173,0,0.844046,0
1,1,0,1.68608,1,0,0.0142074,8.4076,0.139553,0.0142074,8.4076,0.139553,0.818732,0,0.79376,0,0.844486,0
1,1,0,1.67641,1,0,0.0143748,8.35857,0.141167,0.0143748,8.35857,0.141167,0.818732,0,0.793337,0,0.844936,0
1,1,0,1.66674,1,0,0.0145452,8.30955,0.142808,0.0145452,8.30955,0.142808,0.818732,0,0.792905,0,0.845396,0
1,1,0,1.65708,1,0,0.0147186,8.26052,0.144478,0.0147186,8.26052,0.144478,0.818732,0,0.792463,0,0.845867,0
1,1,0,1.64742,1,0,0.0148953,8.21149,0.146178,0.0148953,8.21149,0.146178,0.818732,0,0.792011,0,0.84635,0
1,1,0,1.63776,1,0,0.0150752,8.16246,0.147908,0.0150752,8.16246,0.147908,0.818732,0,0.791549,0,0.846844,0
1,1,0,1.62812,1,0,0.0152584,8.11343,0.149668,0.0152584,8.11343,0.149668,0.818733,0,0.791077,0,0.847349,0
1,1,0,1.61848,1,0,0.0154451,8.0644,0.15146,0.0154451,8.0644,0.15146,0.818733,0,0.790594,0,0.847867,0
1,1,0,1.60884,1,0,0.0156352,8.01537,0.153285,0.0156352,8.01537,0.153285,0.818733,0,0.790099,0,0.848398,0
1,1,0,1.59921,1,0,0.0158289,7.96635,0.155142,0.0158289,7.96635,0.155142,0.818733,0,0.789594,0,0.848941,0
1,1,0,1.58959,1,0,0.0160263,7.91732,0.157034,0.0160263,7.91732,0.157034,0.818733,0,0.789076,0,0.849498,0
1,1,0,1.57997,1,0,0.0162275,7.86829,0.15896,0.0162275,7.86829,0.15896,0.818733,0,0.788547,0,0.850068,0
1,1,0,1.57036,1,0,0.0164326,7.81926,0.160922,0.0164326,7.81926,0.160922,0.818733,0,0.788005,0,0.850653,0
1,1,0,1.56076,1,0,0.0166417,7.77023,0.16292,0.0166417,7.77023,0.16292,0.818733,0,0.78745,0,0.851252,0
1,1,0,1.55116,1,0,0.0168549,7.72121,0.164956,0.0168549,7.72121,0.164956,0.818733,0,0.786882,0,0.851866,0
1,1,0,1.54158,1,0,0.0170722,7.67218,0.16703,0.0170722,7.67218,0.16703,0.818733,0,0.786301,0,0.852496,0
1,1,0,1.532,1,0,0.0172939,7.62315,0.169144,0.0172939,7.62315,0.169144,0.818733,0,0.785705,0,0.853141,0
1,1,0,1.52243,1,0,0.01752,7.57412,0.171298,0.01752,7.57412,0.171298,0.818733,0,0.785096,0,0.853804,0
1,1,0,1.51287,1,0,0.0177507,7.52509,0.173494,0.0177507,7.52509,0.173494,0.818734,0,0.784471,0,0.854483,0
1,1,0,1.50332,1,0,0.0179861,7.47607,0.175732,0.0179861,7.47607,0.175732,0.818734,0,0.783832,0,0.85518,0
1,1,0,1.49378,1,0,0.0182263,7.42704,0.178014,0.0182263,7.42704,0.178014,0.818734,0,0.783177,0,0.855896,0
1,1,0,1.48425,1,0,0.0184715,7.37801,0.180341,0.0184715,7.37801,0.180341,0.818734,0,0.782505,0,0.85663,0
1,1,0,1.47473,1,0,0.0187217,7.32898,0.182714,0.0187217,7.32898,0.182714,0.818734,0,0.781817,0,0.857384,0
1,1,0,1.46522,1,0,0.0189772,7.27996,0.185135,0.0189772,7.27996,0.185135,0.818734,0,0.781112,0,0.858158,0
1,1,0,1.45573,1,0,0.0192382,7.23093,0.187604,0.0192382,7.23093,0.187604,0.818734,0,0.780389,0,0.858952,0
1,1,0,1.44624,1,0,0.0195047,7.1819,0.190123,0.0195047,7.1819,0.190123,0.818735,0,0.779648,0,0.859768,0
1,1,0,1.43677,1,0,0.0197769,7.13287,0.192694,0.0197769,7.13287,0.192694,0.818735,0,0.778888,0,0.860607,0
1,1,0,1.42732,1,0,0.020055,7.08385,0.195318,0.020055,7.08385,0.195318,0.818735,0,0.778109,0,0.861468,0
1,1,0,1.41788,1,0,0.0203393,7.03482,0.197996,0.0203393,7.03482,0.197996,0.818735,0,0.77731,0,0.862354,0
1,1,0,1.40845,1,0,0.0206298,6.98579,0.20073,0.0206298,6.98579,0.20073,0.818735,0,0.776491,0,0.863264,0
1,1,0,1.39904,1,0,0.0209268,6.93677,0.203522,0.0209268,6.93677,0.203522,0.818735,0,0.77565,0,0.864199,0
1,1,0,1.38965,1,0,0.0212305,6.88774,0.206373,0.0212305,6.88774,0.206373,0.818736,0,0.774787,0,0.865162,0
1,1,0,1.38027,1,0,0.021541,6.83872,0.209286,0.021541,6.83872,0.209286,0.818736,0,0.773902,0,0.866151,0
1,1,0,1.37092,1,0,0.0218587,6.78969,0.212261,0.0218587,6.78969,0.212261,0.818736,0,0.772993,0,0.867169,0
1,1,0,1.36158,1,0,0.0221838,6.74067,0.215302,0.0221838,6.74067,0.215302,0.818736,0,0.77206,0,0.868217,0
1,1,0,1.35226,1,0,0.0225164,6.69164,0.218409,0.0225164,6.69164,0.218409,0.818737,0,0.771102,0,0.869295,0
1,1,0,1.34297,1,0,0.0228569,6.64262,0.221586,0.0228569,6.64262,0.221586,0.818737,0,0.770118,0,0.870405,0
1,1,0,1.3337,1,0,0.0232056,6.59359,0.224833,0.0232056,6.59359,0.224833,0.818737,0,0.769108,0,0.871548,0
1,1,0,1.32445,1,0,0.0235626,6.54457,0.228155,0.0235626,6.54457,0.228155,0.818737,0,0.76807,0,0.872725,0
1,1,0,1.31523,1,0,0.0239283,6.49554,0.231552,0.0239283,6.49554,0.231552,0.818738,0,0.767004,0,0.873938,0
1,1,0,1.30603,1,0,0.0243031,6.44652,0.235028,0.0243031,6.44652,0.235028,0.818738,0,0.765909,0,0.875188,0
1,1,0,1.29687,1,0,0.0246871,6.3975,0.238584,0.0246871,6.3975,0.238584,0.818738,0,0.764782,0,0.876476,0
1,1,0,1.28773,1,0,0.0250809,6.34848,0.242225,0.0250809,6.34848,0.242225,0.818739,0,0.763625,0,0.877805,0
1,1,0,1.27863,1,0,0.0254846,6.29946,0.245953,0.0254846,6.29946,0.245953,0.818739,0,0.762434,0,0.879175,0
1,1,0,1.26956,1,0,0.0258988,6.25044,0.24977,0.0258988,6.25044,0.24977,0.81874,0,0.76121,0,0.880588,0
1,1,0,1.26052,1,0,0.0263238,6.20142,0.253681,0.0263238,6.20142,0.253681,0.81874,0,0.759951,0,0.882046,0
1,1,0,1.25153,1,0,0.02676,6.1524,0.257688,0.02676,6.1524,0.257688,0.818741,0,0.758656,0,0.883552,0
1,1,0,1.24257,1,0,0.0272078,6.10338,0.261794,0.0272078,6.10338,0.261794,0.818741,0,0.757323,0,0.885106,0
1,1,0,1.23366,1,0,0.0276678,6.05436,0.266005,0.0276678,6.05436,0.266005,0.818742,0,0.755951,0,0.886712,0
1,1,0,1.22479,1,0,0.0281404,6.00535,0.270323,0.0281404,6.00535,0.270323,0.818742,0,0.754539,0,0.888371,0
1,1,0,1.21597,1,0,0.0286262,5.95633,0.274754,0.0286262,5.95633,0.274754,0.818743,0,0.753084,0,0.890086,0
1,1,0,1.2072,1,0,0.0291257,5.90732,0.2793,0.0291257,5.90732,0.2793,0.818744,0,0.751586,0,0.89186,0
1,1,0,1.19848,1,0,0.0296395,5.85831,0.283968,0.0296395,5.85831,0.283968,0.818744,0,0.750043,0,0.893694,0
1,1,0,1.18983,1,0,0.0301682,5.8093,0.288762,0.0301682,5.8093,0.288762,0.818745,0,0.748453,0,0.895592,0
1,1,0,1.18124,1,0,0.0307125,5.7603,0.293688,0.0307125,5.7603,0.293688,0.818746,0,0.746813,0,0.897557,0
1,1,0,1.17271,1,0,0.0312731,5.71129,0.29875,0.0312731,5.71129,0.29875,0.818747,0,0.745123,0,0.899593,0
1,1,0,1.16425,1,0,0.0318508,5.66229,0.303957,0.0318508,5.66229,0.303957,0.818748,0,0.743379,0,0.901702,0
1,1,0,1.15588,1,0,0.0324463,5.61329,0.309313,0.0324463,5.61329,0.309313,0.818749,0,0.74158,0,0.903888,0
1,1,0,1.14758,1,0,0.0330607,5.5643,0.314826,0.0330607,5.5643,0.314826,0.81875,0,0.739724,0,0.906155,0
1,1,0,1.13937,1,0,0.0336948,5.51531,0.320503,0.0336948,5.51531,0.320503,0.818751,0,0.737807,0,0.908508,0
1,1,0,1.13126,1,0,0.0343496,5.46632,0.326354,0.0343496,5.46632,0.326354,0.818752,0,0.735827,0,0.910951,0
1,1,0,1.12325,1,0,0.0350262,5.41734,0.332386,0.0350262,5.41734,0.332386,0.818753,0,0.733782,0,0.913489,0
1,1,0,1.11535,1,0,0.0357258,5.36837,0.338609,0.0357258,5.36837,0.338609,0.818755,0,0.731668,0,0.916127,0
1,1,0,1.10757,1,0,0.0364498,5.3194,0.345033,0.0364498,5.3194,0.345033,0.818756,0,0.729481,0,0.918871,0
1,1,0,1.09993,1,0,0.0371994,5.27044,0.351671,0.0371994,5.27044,0.351671,0.818758,0,0.727219,0,0.921728,0
1,1,0,1.09242,1,0,0.0379763,5.22149,0.358534,0.0379763,5.22149,0.358534,0.81876,0,0.724877,0,0.924704,0
1,1,0,1.08508,1,0,0.038782,5.17256,0.365636,0.038782,5.17256,0.365636,0.818762,0,0.722451,0,0.927806,0
1,1,0,1.0779,1,0,0.0396185,5.12363,0.372993,0.0396185,5.12363,0.372993,0.818764,0,0.719937,0,0.931044,0
1,1,0,1.07091,1,0,0.0404877,5.07472,0.38062,0.0404877,5.07472,0.38062,0.818766,0,0.71733,0,0.934425,0
1,1,0,1.06412,1,0,0.0413919,5.02583,0.388538,0.0413919,5.02583,0.388538,0.818768,0,0.714624,0,0.93796,0
1,1,0,1.05756,1,0,0.0423335,4.97695,0.396765,0.0423335,4.97695,0.396765,0.818771,0,0.711814,0,0.94166,0
1,1,0,1.05125,1,0,0.0433154,4.92811,0.405326,0.0433154,4.92811,0.405326,0.818774,0,0.708892,0,0.945538,0
1,1,0,1.04523,1,0,0.0443406,4.87929,0.414248,0.0443406,4.87929,0.414248,0.818777,0,0.705852,0,0.949607,0
1,1,0,1.03951,1,0,0.0454125,4.83051,0.42356,0.0454125,4.83051,0.42356,0.818781,0,0.702685,0,0.953882,0
1,1,0,1.03415,1,0,0.0465353,4.78178,0.433298,0.0465353,4.78178,0.433298,0.818785,0,0.699382,0,0.958383,0
1,1,0,1.0292,1,0,0.0477133,4.73309,0.4435,0.0477133,4.73309,0.4435,0.818789,0,0.695932,0,0.963129,0
1,1,0,1.02469,1,0,0.0489518,4.68448,0.454213,0.0489518,4.68448,0.454213,0.818794,0,0.692323,0,0.968144,0
1,1,0,1.02071,1,0,0.0502567,4.63595,0.465492,0.0502567,4.63595,0.465492,0.818799,0,0.688541,0,0.973456,0
1,1,0,1.01734,1,0,0.0516352,4.58752,0.4774,0.0516352,4.58752,0.4774,0.818805,0,0.684569,0,0.979096,0
1,1,0,1.01467,1,0,0.0530953,4.53924,0.490015,0.0530953,4.53924,0.490015,0.818812,0,0.680389,0,0.985103,0
1,1,0,1.01284,1,0,0.0546469,4.49113,0.503429,0.0546469,4.49113,0.503429,0.81882,0,0.675978,0,0.991522,0
1,1,0,1.012,1,0,0.0563017,4.44326,0.517756,0.0563017,4.44326,0.517756,0.818828,0,0.671308,0,0.99841,0
1,1,0,1.01197,1,0,0.0566823,4.43273,0.521055,0.0566823,4.43273,0.521055,0.81883,0,0.670239,0,1,0
2,1,0,1.01264,1,0,0.0584823,4.38528,0.536688,0.0584823,4.38528,0.536688,0.81884,0,0.665207,0,1.00755,0
2,1,0,1.01488,1,0,0.0604208,4.33832,0.553589,0.0604208,4.33832,0.553589,0.818852,0,0.659834,0,1.01574,0
2,1,0,1.01906,1,0,0.0625189,4.29206,0.571985,0.0625189,4.29206,0.571985,0.818866,0,0.654069,0,1.02468,0
2,1,0,1.02575,1,0,0.0648014,4.24686,0.592153,0.0648014,4.24686,0.592153,0.818881,0,0.647854,0,1.03449,0
2,1,0,1.03566,1,0,0.0672948,4.20327,0.614417,0.0672948,4.20327,0.614417,0.8189,0,0.641127,0,1.04532,0
2,1,0,1.04977,1,0,0.0700203,4.16223,0.6391,0.0700203,4.16223,0.6391,0.818922,0,0.633841,0,1.05731,0
2,1,0,1.06921,1,0,0.0729764,4.12522,0.666375,0.0729764,4.12522,0.666375,0.818948,0,1.0705,0,0.626007,0
2,1,0,1.09492,1,0,0.0761049,4.09432,0.695947,0.0761049,4.09432,0.695947,0.818978,0,1.08472,0,0.617778,0
2,1,0,1.12694,1,0,0.0792685,4.07161,0.726753,0.0792685,4.07161,0.726753,0.81901,0,1.0994,0,0.609505,0
2,1,0,1.16404,1,0,0.0822925,4.05799,0.757231,0.0822925,4.05799,0.757231,0.819044,0,1.11376,0,0.601624,0
2,1,0,1.20438,1,0,0.0850568,4.05259,0.786148,0.0850568,4.05259,0.786148,0.819077,0,1.1272,0,0.594428,0
2,1,0,1.24647,1,0,0.0875272,4.0537,0.812998,0.0875272,4.0537,0.812998,0.819108,0,1.13949,0,0.587992,0
2,1,0,1.28943,1,0,0.0897226,4.0596,0.837786,0.0897226,4.0596,0.837786,0.819137,0,1.15067,0,0.58226,0
2,1,0,1.33281,1,0,0.0916794,4.06899,0.860724,0.0916794,4.06899,0.860724,0.819164,0,1.16085,0,0.577134,0
2,1,0,1.3764,1,0,0.0934345,4.08091,0.882061,0.0934345,4.08091,0.882061,0.819189,0,1.17017,0,0.572518,0
2,1,0,1.42009,1,0,0.0950194,4.09469,0.902026,0.0950194,4.09469,0.902026,0.819213,0,1.17876,0,0.56833,0
2,1,0,1.46385,1,0,0.0964601,4.10986,0.920814,0.0964601,4.10986,0.920814,0.819235,0,1.18672,0,0.564506,0
2,1,0,1.50766,1,0,0.0977777,4.12608,0.938583,0.0977777,4.12608,0.938583,0.819255,0,1.19412,0,0.56099,0
2,1,0,1.55152,1,0,0.0989889,4.1431,0.955464,0.0989889,4.1431,0.955464,0.819274,0,1.20105,0,0.55774,0
2,1,0,1.59544,1,0,0.100108,4.16072,0.971564,0.100108,4.16072,0.971564,0.819292,0,1.20756,0,0.554723,0
2,1,0,1.63943,1,0,0.101145,4.1788,0.986971,0.101145,4.1788,0.986971,0.819309,0,1.21369,0,0.551909,0
2,1,0,1.68348,1,0,0.10211,4.19723,1.00176,0.10211,4.19723,1.00176,0.819325,0,1.21949,0,0.549275,0
2,1,0,1.72762,1,0,0.103011,4.21591,1.01598,0.103011,4.21591,1.01598,0.81934,0,1.22498,0,0.546801,0
2,1,0,1.77183,1,0,0.103855,4.23478,1.02971,0.103855,4.23478,1.02971,0.819355,0,1.2302,0,0.544471,0
2,1,0,1.81614,1,0,0.104646,4.25378,1.04297,0.104646,4.25378,1.04297,0.819368,0,1.23517,0,0.542271,0
2,1,0,1.86053,1,0,0.105391,4.27286,1.0558,0.105391,4.27286,1.0558,0.819381,0,1.23991,0,0.540189,0
2,1,0,1.90502,1,0,0.106092,4.29199,1.06825,0.106092,4.29199,1.06825,0.819394,0,1.24445,0,0.538214,0
2,1,0,1.9496,1,0,0.106755,4.31113,1.08033,0.106755,4.31113,1.08033,0.819406,0,1.24878,0,0.536337,0
2,1,0,1.99427,1,0,0.107381,4.33026,1.09208,0.107381,4.33026,1.09208,0.819417,0,1.25294,0,0.534551,0
2,1,0,2.03904,1,0,0.107973,4.34936,1.10351,0.107973,4.34936,1.10351,0.819427,0,1.25693,0,0.532847,0
2,1,0,2.0839,1,0,0.108535,4.3684,1.11466,0.108535,4.3684,1.11466,0.819438,0,1.26076,0,0.531221,0
2,1,0,2.12886,1,0,0.109068,4.38739,1.12553,0.109068,4.38739,1.12553,0.819447,0,1.26445,0,0.529665,0
2,1,0,2.17392,1,0,0.109575,4.40629,1.13614,0.109575,4.40629,1.13614,0.819457,0,1.268,0,0.528176,0
2,1,0,2.21906,1,0,0.110057,4.42511,1.1465,0.110057,4.42511,1.1465,0.819466,0,1.27142,0,0.526749,0
2,1,0,2.2643,1,0,0.110516,4.44383,1.15664,0.110516,4.44383,1.15664,0.819474,0,1.27472,0,0.525379,0
2,1,0,2.30963,1,0,0.110953,4.46244,1.16656,0.110953,4.46244,1.16656,0.819482,0,1.27791,0,0.524063,0
2,1,0,2.35505,1,0,0.11137,4.48095,1.17627,0.11137,4.48095,1.17627,0.81949,0,1.28099,0,0.522798,0
2,1,0,2.40056,1,0,0.111768,4.49935,1.18579,0.111768,4.49935,1.18579,0.819498,0,1.28397,0,0.52158,0
2,1,0,2.44616,1,0,0.112147,4.51762,1.19512,0.112147,4.51762,1.19512,0.819505,0,1.28685,0,0.520407,0
2,1,0,2.49184,1,0,0.11251,4.53577,1.20427,0.11251,4.53577,1.20427,0.819512,0,1.28964,0,0.519276,0
2,1,0,2.5376,1,0,0.112856,4.5538,1.21325,0.112856,4.5538,1.21325,0.819519,0,1.29235,0,0.518185,0
2,1,0,2.58344,1,0,0.113188,4.57171,1.22207,0.113188,4.57171,1.22207,0.819525,0,1.29497,0,0.517131,0
2,1,0,2.62937,1,0,0.113505,4.58949,1.23073,0.113505,4.58949,1.23073,0.819531,0,1.29752,0,0.516113,0
2,1,0,2.67537,1,0,0.113808,4.60713,1.23924,0.113808,4.60713,1.23924,0.819537,0,1.29999,0,0.515129,0
2,1,0,2.72144,1,0,0.114098,4.62465,1.2476,0.114098,4.62465,1.2476,0.819542,0,1.30239,0,0.514177,0
2,1,0,2.76759,1,0,0.114376,4.64204,1.25583,0.114376,4.64204,1.25583,0.819548,0,1.30472,0,0.513255,0
2,1,0,2.81382,1,0,0.114643,4.6593,1.26393,0.114643,4.6593,1.26393,0.819553,0,1.30698,0,0.512361,0
2,1,0,2.86011,1,0,0.114898,4.67643,1.2719,0.114898,4.67643,1.2719,0.819558,0,1.30919,0,0.511496,0
2,1,0,2.90647,1,0,0.115142,4.69343,1.27974,0.115142,4.69343,1.27974,0.819563,0,1.31133,0,0.510656,0
2,1,0,2.9529,1,0,0.115377,4.7103,1.28747,0.115377,4.7103,1.28747,0.819567,0,1.31342,0,0.509842,0
2,1,0,2.9994,1,0,0.115601,4.72705,1.29508,0.115601,4.72705,1.29508,0.819572,0,1.31545,0,0.509051,0
2,1,0,3.04595,1,0,0.115817,4.74366,1.30258,0.115817,4.74366,1.30258,0.819576,0,1.31743,0,0.508283,0
2,1,0,3.09257,1,0,0.116023,4.76015,1.30997,0.116023,4.76015,1.30997,0.81958,0,1.31936,0,0.507537,0
2,1,0,3.13926,1,0,0.116221,4.77651,1.31726,0.116221,4.77651,1.31726,0.819584,0,1.32125,0,0.506811,0
2,1,0,3.186,1,0,0.116411,4.79275,1.32444,0.116411,4.79275,1.32444,0.819588,0,1.32308,0,0.506106,0
2,1,0,3.23279,1,0,0.116593,4.80887,1.33153,0.116593,4.80887,1.33153,0.819591,0,1.32487,0,0.505419,0
2,1,0,3.27965,1,0,0.116767,4.82486,1.33853,0.116767,4.82486,1.33853,0.819595,0,1.32662,0,0.504751,0
2,1,0,3.32656,1,0,0.116935,4.84073,1.34543,0.116935,4.84073,1.34543,0.819598,0,1.32833,0,0.5041,0
2,1,0,3.37352,1,0,0.117095,4.85648,1.35225,0.117095,4.85648,1.35225,0.819601,0,1.33,0,0.503466,0
2,1,0,3.42053,1,0,0.117249,4.87211,1.35898,0.117249,4.87211,1.35898,0.819604,0,1.33163,0,0.502849,0
2,1,0,3.4676,1,0,0.117396,4.88763,1.36562,0.117396,4.88763,1.36562,0.819607,0,1.33322,0,0.502246,0
2,1,0,3.51471,1,0,0.117537,4.90302,1.37219,0.117537,4.90302,1.37219,0.81961,0,1.33477,0,0.501659,0
2,1,0,3.56188,1,0,0.117673,4.91831,1.37867,0.117673,4.91831,1.37867,0.819612,0,1.3363,0,0.501086,0
2,1,0,3.60909,1,0,0.117802,4.93347,1.38508,0.117802,4.93347,1.38508,0.819615,0,0.500527,0,1.33778,0
2,1,0,3.65635,1,0,0.117927,4.94853,1.39141,0.117927,4.94853,1.39141,0.819617,0,1.33924,0,0.499981,0
2,1,0,3.70365,1,0,0.118045,4.96348,1.39767,0.118045,4.96348,1.39767,0.819619,0,1.34066,0,0.499449,0
2,1,0,3.75099,1,0,0.118159,4.97831,1.40386,0.118159,4.97831,1.40386,0.819622,0,1.34206,0,0.498928,0
2,1,0,3.79838,1,0,0.118268,4.99304,1.40998,0.118268,4.99304,1.40998,0.819624,0,0.498419,0,1.34343,0
2,1,0,3.84581,1,0,0.118372,5.00766,1.41603,0.118372,5.00766,1.41603,0.819626,0,0.497922,0,1.34476,0
2,1,0,3.89328,1,0,0.118471,5.02218,1.42201,0.118471,5.02218,1.42201,0.819628,0,0.497436,0,1.34607,0
2,1,0,3.94079,1,0,0.118567,5.03659,1.42793,0.118567,5.03659,1.42793,0.81963,0,0.496961,0,1.34736,0
2,1,0,3.98834,1,0,0.118657,5.0509,1.43379,0.118657,5.0509,1.43379,0.819631,0,0.496496,0,1.34862,0
2,1,0,4.03593,1,0,0.118744,5.06511,1.43959,0.118744,5.06511,1.43959,0.819633,0,0.496042,0,1.34985,0
2,1,0,4.08355,1,0,0.118827,5.07922,1.44532,0.118827,5.07922,1.44532,0.819635,0,0.495597,0,1.35106,0
2,1,0,4.13121,1,0,0.118905,5.09323,1.451,0.118905,5.09323,1.451,0.819636,0,0.495161,0,1.35225,0
2,1,0,4.17891,1,0,0.11898,5.10714,1.45662,0.11898,5.10714,1.45662,0.819637,0,0.494734,0,1.35341,0
2,1,0,4.22664,1,0,0.119052,5.12095,1.46219,0.119052,5.12095,1.46219,0.819639,0,0.494316,0,1.35455,0
2,1,0,4.2744,1,0,0.11912,5.13467,1.4677,0.11912,5.13467,1.4677,0.81964,0,0.493907,0,1.35567,0
2,1,0,4.3222,1,0,0.119184,5.1483,1.47316,0.119184,5.1483,1.47316,0.819641,0,0.493506,0,1.35677,0
2,1,0,4.37003,1,0,0.119245,5.16183,1.47856,0.119245,5.16183,1.47856,0.819642,0,0.493113,0,1.35785,0
2,1,0,4.41789,1,0,0.119303,5.17528,1.48391,0.119303,5.17528,1.48391,0.819643,0,0.492728,0,1.35891,0
2,1,0,4.46578,1,0,0.119358,5.18863,1.48922,0.119358,5.18863,1.48922,0.819644,0,0.49235,0,1.35995,0
2,1,0,4.5137,1,0,0.11941,5.20189,1.49447,0.11941,5.20189,1.49447,0.819645,0,0.491979,0,1.36098,0
2,1,0,4.56165,1,0,0.119459,5.21507,1.49968,0.119459,5.21507,1.49968,0.819646,0,0.491616,0,1.36198,0
2,1,0,4.60963,1,0,0.119505,5.22816,1.50484,0.119505,5.22816,1.50484,0.819647,0,0.49126,0,1.36297,0
2,1,0,4.65764,1,0,0.119549,5.24116,1.50995,0.119549,5.24116,1.50995,0.819648,0,0.49091,0,1.36394,0
2,1,0,4.70568,1,0,0.11959,5.25408,1.51502,0.11959,5.25408,1.51502,0.819648,0,0.490566,0,1.36489,0
2,1,0,4.75374,1,0,0.119628,5.26692,1.52004,0.119628,5.26692,1.52004,0.819649,0,0.490229,0,1.36583,0
2,1,0,4.80183,1,0,0.119663,5.27967,1.52502,0.119663,5.27967,1.52502,0.81965,0,0.489898,0,1.36675,0
2,1,0,4.84994,1,0,0.119697,5.29235,1.52996,0.119697,5.29235,1.52996,0.81965,0,0.489573,0,1.36766,0
2,1,0,4.89808,1,0,0.119728,5.30494,1.53486,0.119728,5.30494,1.53486,0.819651,0,0.489254,0,1.36855,0
2,1,0,4.94625,1,0,0.119756,5.31745,1.53971,0.119756,5.31745,1.53971,0.819651,0,0.488941,0,1.36942,0
2,1,0,4.99444,1,0,0.119783,5.32989,1.54452,0.119783,5.32989,1.54452,0.819652,0,1.37029,0,0.488633,0
2,1,0,5.04265,1,0,0.119807,5.34225,1.5493,0.119807,5.34225,1.5493,0.819652,0,0.48833,0,1.37114,0
2,1,0,2,1,0,0.099347,0.0100683,9.99025,0.099347,0.0100683,9.99025,0.819652,0,0.48833,0,1.37114,0
1,1,0,1.99961,1,0,0.0993855,0.0100722,9.98829,0.0993855,0.0100722,9.98829,0.803569,0,0.834179,0,0.818731,0
1,1,0,1.99922,1,0,0.0994241,0.0100761,9.98633,0.0994241,0.0100761,9.98633,0.80356,0,0.834188,0,0.818731,0
1,1,0,1.99844,1,0,0.0995012,0.010084,9.98241,0.0995012,0.010084,9.98241,0.803542,0,0.834206,0,0.818731,0
1,1,0,1.99688,1,0,0.0996558,0.0100998,9.97456,0.0996558,0.0100998,9.97456,0.803508,0,0.834242,0,0.818731,0
1,1,0,1.99375,1,0,0.0999661,0.0101316,9.95887,0.0999661,0.0101316,9.95887,0.803438,0,0.834315,0,0.818731,0
1,1,0,1.98751,1,0,0.100591,0.0101955,9.9275,0.100591,0.0101955,9.9275,0.803296,0,0.834461,0,0.818731,0
1,1,0,1.97775,1,0,0.101579,0.0102966,9.87847,0.101579,0.0102966,9.87847,0.803072,0,0.834695,0,0.818731,0
1,1,0,1.968,1,0,0.102582,0.0103992,9.82944,0.102582,0.0103992,9.82944,0.802843,0,0.834932,0,0.818731,0
1,1,0,1.95825,1,0,0.1036,0.0105033,9.78041,0.1036,0.0105033,9.78041,0.80261,0,0.835175,0,0.818731,0
1,1,0,1.9485,1,0,0.104632,0.0106091,9.73138,0.104632,0.0106091,9.73138,0.802372,0,0.835422,0,0.818731,0
1,1,0,1.93875,1,0,0.105681,0.0107164,9.68235,0.105681,0.0107164,9.68235,0.80213,0,0.835675,0,0.818731,0
1,1,0,1.929,1,0,0.106744,0.0108254,9.63332,0.106744,0.0108254,9.63332,0.801883,0,0.835932,0,0.818731,0
1,1,0,1.91925,1,0,0.107824,0.0109361,9.58429,0.107824,0.0109361,9.58429,0.801631,0,0.836195,0,0.818731,0
1,1,0,1.90951,1,0,0.108921,0.0110486,9.53526,0.108921,0.0110486,9.53526,0.801374,0,0.836463,0,0.818731,0
1,1,0,1.89977,1,0,0.110034,0.0111628,9.48624,0.110034,0.0111628,9.48624,0.801112,0,0.836737,0,0.818731,0
1,1,0,1.89002,1,0,0.111164,0.0112787,9.43721,0.111164,0.0112787,9.43721,0.800845,0,0.837016,0,0.818731,0
1,1,0,1.88029,1,0,0.112312,0.0113966,9.38818,0.112312,0.0113966,9.38818,0.800572,0,0.837301,0,0.818731,0
1,1,0,1.87055,1,0,0.113477,0.0115162,9.33915,0.113477,0.0115162,9.33915,0.800294,0,0.837592,0,0.818732,0
1,1,0,1.86082,1,0,0.114661,0.0116378,9.29012,0.114661,0.0116378,9.29012,0.80001,0,0.837889,0,0.818732,0
1,1,0,1.85108,1,0,0.115863,0.0117614,9.24109,0.115863,0.0117614,9.24109,0.799721,0,0.838192,0,0.818732,0
1,1,0,1.84135,1,0,0.117084,0.0118869,9.19206,0.117084,0.0118869,9.19206,0.799425,0,0.838501,0,0.818732,0
1,1,0,1.83163,1,0,0.118324,0.0120145,9.14303,0.118324,0.0120145,9.14303,0.799124,0,0.838818,0,0.818732,0
1,1,0,1.8219,1,0,0.119584,0.0121442,9.09401,0.119584,0.0121442,9.09401,0.798816,0,0.839141,0,0.818732,0
1,1,0,1.81218,1,0,0.120864,0.012276,9.04498,0.120864,0.012276,9.04498,0.798502,0,0.839471,0,0.818732,0
1,1,0,1.80246,1,0,0.122165,0.01241,8.99595,0.122165,0.01241,8.99595,0.798182,0,0.839808,0,0.818732,0
1,1,0,1.79274,1,0,0.123487,0.0125463,8.94692,0.123487,0.0125463,8.94692,0.797855,0,0.840152,0,0.818732,0
1,1,0,1.78303,1,0,0.12483,0.0126848,8.89789,0.12483,0.0126848,8.89789,0.79752,0,0.840504,0,0.818732,0
1,1,0,1.77332,1,0,0.126195,0.0128256,8.84886,0.126195,0.0128256,8.84886,0.797179,0,0.840864,0,0.818732,0
1,1,0,1.76361,1,0,0.127583,0.0129688,8.79983,0.127583,0.0129688,8.79983,0.796831,0,0.841231,0,0.818732,0
1,1,0,1.75391,1,0,0.128993,0.0131145,8.7508,0.128993,0.0131145,8.7508,0.796475,0,0.841607,0,0.818732,0
1,1,0,1.74421,1,0,0.130427,0.0132626,8.70177,0.130427,0.0132626,8.70177,0.796112,0,0.841991,0,0.818732,0
1,1,0,1.73451,1,0,0.131885,0.0134133,8.65275,0.131885,0.0134133,8.65275,0.795741,0,0.842384,0,0.818732,0
1,1,0,1.72482,1,0,0.133367,0.0135667,8.60372,0.133367,0.0135667,8.60372,0.795361,0,0.842786,0,0.818732,0
1,1,0,1.71513,1,0,0.134875,0.0137227,8.55469,0.134875,0.0137227,8.55469,0.794974,0,0.843196,0,0.818732,0
1,1,0,1.70544,1,0,0.136408,0.0138814,8.50566,0.136408,0.0138814,8.50566,0.794578,0,0.843616,0,0.818732,0
1,1,0,1.69576,1,0,0.137967,0.014043,8.45663,0.137967,0.014043,8.45663,0.794173,0,0.844046,0,0.818732,0
1,1,0,1.68608,1,0,0.139553,0.0142074,8.4076,0.139553,0.0142074,8.4076,0.79376,0,0.844486,0,0.818732,0
1,1,0,1.67641,1,0,0.141167,0.0143748,8.35857,0.141167,0.0143748,8.35857,0.793337,0,0.844936,0,0.818732,0
1,1,0,1.66674,1,0,0.142808,0.0145452,8.30955,0.142808,0.0145452,8.30955,0.792905,0,0.845396,0,0.818732,0
1,1,0,1.65708,1,0,0.144478,0.0147186,8.26052,0.144478,0.0147186,8.26052,0.792463,0,0.845867,0,0.818732,0
1,1,0,1.64742,1,0,0.146178,0.0148953,8.21149,0.146178,0.0148953,8.21149,0.792011,0,0.84635,0,0.818732,0
1,1,0,1.63776,1,0,0.147908,0.0150752,8.16246,0.147908,0.0150752,8.16246,0.791549,0,0.846844,0,0.818732,0
1,1,0,1.62812,1,0,0.149668,0.0152584,8.11343,0.149668,0.0152584,8.11343,0.791077,0,0.847349,0,0.818733,0
1,1,0,1.61848,1,0,0.15146,0.0154451,8.0644,0.15146,0.0154451,8.0644,0.790594,0,0.847867,0,0.818733,0
1,1,0,1.60884,1,0,0.153285,0.0156352,8.01537,0.153285,0.0156352,8.01537,0.790099,0,0.848398,0,0.818733,0
1,1,0,1.59921,1,0,0.155142,0.0158289,7.96635,0.155142,0.0158289,7.96635,0.789594,0,0.848941,0,0.818733,0
1,1,0,1.58959,1,0,0.157034,0.0160263,7.91732,0.157034,0.0160263,7.91732,0.789076,0,0.849498,0,0.818733,0
1,1,0,1.57997,1,0,0.15896,0.0162275,7.86829,0.15896,0.0162275,7.86829,0.788547,0,0.850068,0,0.818733,0
1,1,0,1.57036,1,0,0.160922,0.0164326,7.81926,0.160922,0.0164326,7.81926,0.788005,0,0.850653,0,0.818733,0
1,1,0,1.56076,1,0,0.16292,0.0166417,7.77023,0.16292,0.0166417,7.77023,0.78745,0,0.851252,0,0.818733,0
1,1,0,1.55116,1,0,0.164956,0.0168549,7.72121,0.164956,0.0168549,7.72121,0.786882,0,0.851866,0,0.818733,0
1,1,0,1.54158,1,0,0.16703,0.0170722,7.67218,0.16703,0.0170722,7.67218,0.786301,0,0.852496,0,0.818733,0
1,1,0,1.532,1,0,0.169144,0.0172939,7.62315,0.169144,0.0172939,7.62315,0.785705,0,0.853141,0,0.818733,0
1,1,0,1.52243,1,0,0.171298,0.01752,7.57412,0.171298,0.01752,7.57412,0.785096,0,0.853804,0,0.818733,0
1,1,0,1.51287,1,0,0.173494,0.0177507,7.52509,0.173494,0.0177507,7.52509,0.784471,0,0.854483,0,0.818734,0
1,1,0,1.50332,1,0,0.175732,0.0179861,7.47607,0.175732,0.0179861,7.47607,0.783832,0,0.85518,0,0.818734,0
1,1,0,1.49378,1,0,0.178014,0.0182263,7.42704,0.178014,0.0182263,7.42704,0.783177,0,0.855896,0,0.818734,0
1,1,0,1.48425,1,0,0.180341,0.0184715,7.37801,0.180341,0.0184715,7.37801,0.782505,0,0.85663,0,0.818734,0
1,1,0,1.47473,1,0,0.182714,0.0187217,7.32898,0.182714,0.0187217,7.32898,0.781817,0,0.857384,0,0.818734,0
1,1,0,1.46522,1,0,0.185135,0.0189772,7.27996,0.185135,0.0189772,7.27996,0.781112,0,0.858158,0,0.818734,0
1,1,0,1.45573,1,0,0.187604,0.0192382,7.23093,0.187604,0.0192382,7.23093,0.780389,0,0.858952,0,0.818734,0
1,1,0,1.44624,1,0,0.190123,0.0195047,7.1819,0.190123,0.0195047,7.1819,0.779648,0,0.859768,0,0.818735,0
1,1,0,1.43677,1,0,0.192694,0.0197769,7.13287,0.192694,0.0197769,7.13287,0.778888,0,0.860607,0,0.818735,0
1,1,0,1.42732,1,0,0.195318,0.020055,7.08385,0.195318,0.020055,7.08385,0.778109,0,0.861468,0,0.818735,0
1,1,0,1.41788,1,0,0.197996,0.0203393,7.03482,0.197996,0.0203393,7.03482,0.77731,0,0.862354,0,0.818735,0
1,1,0,1.40845,1,0,0.20073,0.0206298,6.98579,0.20073,0.0206298,6.98579,0.776491,0,0.863264,0,0.818735,0
1,1,0,1.39904,1,0,0.203522,0.0209268,6.93677,0.203522,0.0209268,6.93677,0.77565,0,0.864199,0,0.818735,0
1,1,0,1.38965,1,0,0.206373,0.0212305,6.88774,0.206373,0.0212305,6.88774,0.774787,0,0.865162,0,0.818736,0
1,1,0,1.38027,1,0,0.209286,0.021541,6.83872,0.209286,0.021541,6.83872,0.773902,0,0.866151,0,0.818736,0
1,1,0,1.37092,1,0,0.212261,0.0218587,6.78969,0.212261,0.0218587,6.78969,0.772993,0,0.867169,0,0.818736,0
1,1,0,1.36158,1,0,0.215302,0.0221838,6.74066,0.215302,0.0221838,6.74066,0.77206,0,0.868217,0,0.818736,0
1,1,0,1.35226,1,0,0.218409,0.0225164,6.69164,0.218409,0.0225164,6.69164,0.771102,0,0.869295,0,0.818737,0
1,1,0,1.34297,1,0,0.221586,0.0228569,6.64262,0.221586,0.0228569,6.64262,0.770118,0,0.870405,0,0.818737,0
1,1,0,1.3337,1,0,0.224833,0.0232056,6.59359,0.224833,0.0232056,6.59359,0.769108,0,0.871548,0,0.818737,0
1,1,0,1.32445,1,0,0.228155,0.0235626,6.54457,0.228155,0.0235626,6.54457,0.76807,0,0.872725,0,0.818737,0
1,1,0,1.31523,1,0,0.231552,0.0239283,6.49554,0.231552,0.0239283,6.49554,0.767004,0,0.873938,0,0.818738,0
1,1,0,1.30603,1,0,0.235028,0.0243031,6.44652,0.235028,0.0243031,6.44652,0.765908,0,0.875188,0,0.818738,0
1,1,0,1.29687,1,0,0.238584,0.0246871,6.3975,0.238584,0.0246871,6.3975,0.764782,0,0.876476,0,0.818738,0
1,1,0,1.28773,1,0,0.242225,0.0250809,6.34848,0.242225,0.0250809,6.34848,0.763625,0,0.877805,0,0.818739,0
1,1,0,1.27863,1,0,0.245953,0.0254846,6.29946,0.245953,0.0254846,6.29946,0.762434,0,0.879175,0,0.818739,0
1,1,0,1.26956,1,0,0.24977,0.0258988,6.25044,0.24977,0.0258988,6.25044,0.76121,0,0.880588,0,0.81874,0
1,1,0,1.26052,1,0,0.253681,0.0263238,6.20142,0.253681,0.0263238,6.20142,0.759951,0,0.882046,0,0.81874,0
1,1,0,1.25153,1,0,0.257688,0.02676,6.1524,0.257688,0.02676,6.1524,0.758656,0,0.883552,0,0.818741,0
1,1,0,1.24257,1,0,0.261794,0.0272078,6.10338,0.261794,0.0272078,6.10338,0.757323,0,0.885106,0,0.818741,0
1,1,0,1.23366,1,0,0.266005,0.0276678,6.05436,0.266005,0.0276678,6.05436,0.755951,0,0.886712,0,0.818742,0
1,1,0,1.22479,1,0,0.270323,0.0281404,6.00535,0.270323,0.0281404,6.00535,0.754539,0,0.888371,0,0.818742,0
1,1,0,1.21597,1,0,0.274754,0.0286262,5.95633,0.274754,0.0286262,5.95633,0.753084,0,0.890086,0,0.818743,0
1,1,0,1.2072,1,0,0.2793,0.0291257,5.90732,0.2793,0.0291257,5.90732,0.751586,0,0.89186,0,0.818744,0
1,1,0,1.19848,1,0,0.283968,0.0296395,5.85831,0.283968,0.0296395,5.85831,0.750043,0,0.893694,0,0.818744,0
1,1,0,1.18983,1,0,0.288762,0.0301682,5.8093,0.288762,0.0301682,5.8093,0.748453,0,0.895592,0,0.818745,0
1,1,0,1.18124,1,0,0.293688,0.0307125,5.7603,0.293688,0.0307125,5.7603,0.746813,0,0.897557,0,0.818746,0
1,1,0,1.17271,1,0,0.29875,0.0312731,5.71129,0.29875,0.0312731,5.71129,0.745123,0,0.899593,0,0.818747,0
1,1,0,1.16425,1,0,0.303957,0.0318508,5.66229,0.303957,0.0318508,5.66229,0.743379,0,0.901702,0,0.818748,0
1,1,0,1.15588,1,0,0.309313,0.0324463,5.61329,0.309313,0.0324463,5.61329,0.74158,0,0.903888,0,0.818749,0
1,1,0,1.14758,1,0,0.314826,0.0330607,5.5643,0.314826,0.0330607,5.5643,0.739724,0,0.906155,0,0.81875,0
1,1,0,1.13937,1,0,0.320503,0.0336948,5.51531,0.320503,0.0336948,5.51531,0.737807,0,0.908508,0,0.818751,0
1,1,0,1.13126,1,0,0.326354,0.0343496,5.46632,0.326354,0.0343496,5.46632,0.735827,0,0.910951,0,0.818752,0
1,1,0,1.12325,1,0,0.332386,0.0350262,5.41734,0.332386,0.0350262,5.41734,0.733782,0,0.913489,0,0.818753,0
1,1,0,1.11535,1,0,0.338609,0.0357258,5.36837,0.338609,0.0357258,5.36837,0.731668,0,0.916127,0,0.818755,0
1,1,0,1.10757,1,0,0.345033,0.0364498,5.3194,0.345033,0.0364498,5.3194,0.729481,0,0.918871,0,0.818756,0
1,1,0,1.09993,1,0,0.351671,0.0371994,5.27044,0.351671,0.0371994,5.27044,0.727219,0,0.921728,0,0.818758,0
1,1,0,1.09242,1,0,0.358534,0.0379763,5.22149,0.358534,0.0379763,5.22149,0.724877,0,0.924704,0,0.81876,0
1,1,0,1.08508,1,0,0.365636,0.038782,5.17256,0.365636,0.038782,5.17256,0.722451,0,0.927806,0,0.818762,0
1,1,0,1.0779,1,0,0.372993,0.0396185,5.12363,0.372993,0.0396185,5.12363,0.719937,0,0.931044,0,0.818764,0
1,1,0,1.07091,1,0,0.38062,0.0404877,5.07472,0.38062,0.0404877,5.07472,0.71733,0,0.934425,0,0.818766,0
1,1,0,1.06412,1,0,0.388538,0.0413919,5.02583,0.388538,0.0413919,5.02583,0.714624,0,0.93796,0,0.818768,0
1,1,0,1.05756,1,0,0.396765,0.0423335,4.97695,0.396765,0.0423335,4.97695,0.711814,0,0.94166,0,0.818771,0
1,1,0,1.05125,1,0,0.405326,0.0433154,4.92811,0.405326,0.0433154,4.92811,0.708892,0,0.945538,0,0.818774,0
1,1,0,1.04523,1,0,0.414248,0.0443406,4.87929,0.414248,0.0443406,4.87929,0.705852,0,0.949607,0,0.818777,0
1,1,0,1.03951,1,0,0.42356,0.0454125,4.83051,0.42356,0.0454125,4.83051,0.702685,0,0.953882,0,0.818781,0
1,1,0,1.03415,1,0,0.433298,0.0465353,4.78177,0.433298,0.0465353,4.78177,0.699382,0,0.958383,0,0.818785,0
1,1,0,1.0292,1,0,0.4435,0.0477133,4.73309,0.4435,0.0477133,4.73309,0.695932,0,0.963129,0,0.818789,0
1,1,0,1.02469,1,0,0.454213,0.0489518,4.68448,0.454213,0.0489518,4.68448,0.692323,0,0.968144,0,0.818794,0
1,1,0,1.02071,1,0,0.465492,0.0502567,4.63595,0.465492,0.0502567,4.63595,0.688541,0,0.973456,0,0.818799,0
1,1,0,1.01734,1,0,0.4774,0.0516352,4.58752,0.4774,0.0516352,4.58752,0.684569,0,0.979096,0,0.818805,0
1,1,0,1.01467,1,0,0.490015,0.0530953,4.53924,0.490015,0.0530953,4.53924,0.680389,0,0.985103,0,0.818812,0
1,1,0,1.01284,1,0,0.50343,0.0546469,4.49113,0.50343,0.0546469,4.49113,0.675978,0,0.991522,0,0.81882,0
1,1,0,1.012,1,0,0.517756,0.0563017,4.44326,0.517756,0.0563017,4.44326,0.671308,0,0.99841,0,0.818828,0
1,1,0,1.01197,1,0,0.521055,0.0566823,4.43273,0.521055,0.0566823,4.43273,0.670239,0,1,0,0.81883,0
2,1,0,1.01264,1,0,0.536688,0.0584823,4.38528,0.536688,0.0584823,4.38528,0.665207,0,1.00755,0,0.81884,0
2,1,0,1.01488,1,0,0.553589,0.0604208,4.33832,0.553589,0.0604208,4.33832,0.659834,0,1.01574,0,0.818852,0
2,1,0,1.01906,1,0,0.571985,0.0625189,4.29206,0.571985,0.0625189,4.29206,0.654069,0,1.02468,0,0.818866,0
2,1,0,1.02575,1,0,0.592153,0.0648014,4.24686,0.592153,0.0648014,4.24686,0.647854,0,1.03449,0,0.818881,0
2,1,0,1.03566,1,0,0.614417,0.0672948,4.20327,0.614417,0.0672948,4.20327,0.641127,0,1.04532,0,0.8189,0
2,1,0,1.04977,1,0,0.6391,0.0700203,4.16223,0.6391,0.0700203,4.16223,0.633841,0,1.05731,0,0.818922,0
2,1,0,1.06921,1,0,0.666375,0.0729764,4.12522,0.666375,0.0729764,4.12522,0.626007,0,1.0705,0,0.818948,0
2,1,0,1.09492,1,0,0.695947,0.0761049,4.09432,0.695947,0.0761049,4.09432,0.617778,0,1.08472,0,0.818978,0
2,1,0,1.12694,1,0,0.726753,0.0792685,4.07161,0.726753,0.0792685,4.07161,0.609505,0,1.0994,0,0.81901,0
2,1,0,1.16404,1,0,0.757231,0.0822925,4.05799,0.757231,0.0822925,4.05799,0.601624,0,1.11376,0,0.819044,0
2,1,0,1.20438,1,0,0.786148,0.0850568,4.05259,0.786148,0.0850568,4.05259,0.594428,0,1.1272,0,0.819077,0
2,1,0,1.24647,1,0,0.812998,0.0875272,4.0537,0.812998,0.0875272,4.0537,0.587992,0,1.13949,0,0.819108,0
2,1,0,1.28943,1,0,0.837786,0.0897226,4.0596,0.837786,0.0897226,4.0596,0.58226,0,1.15067,0,0.819137,0
2,1,0,1.33281,1,0,0.860724,0.0916794,4.06899,0.860724,0.0916794,4.06899,0.577134,0,1.16085,0,0.819164,0
2,1,0,1.3764,1,0,0.882061,0.0934345,4.08091,0.882061,0.0934345,4.08091,0.572518,0,1.17017,0,0.819189,0
2,1,0,1.42009,1,0,0.902026,0.0950194,4.09469,0.902026,0.0950194,4.09469,0.56833,0,1.17876,0,0.819213,0
2,1,0,1.46385,1,0,0.920814,0.0964601,4.10986,0.920814,0.0964601,4.10986,0.564506,0,1.18672,0,0.819235,0
2,1,0,1.50766,1,0,0.938583,0.0977777,4.12608,0.938583,0.0977777,4.12608,0.56099,0,1.19412,0,0.819255,0
2,1,0,1.55152,1,0,0.955464,0.0989889,4.1431,0.955464,0.0989889,4.1431,0.55774,0,1.20105,0,0.819274,0
2,1,0,1.59544,1,0,0.971564,0.100108,4.16072,0.971564,0.100108,4.16072,0.554723,0,1.20756,0,0.819292,0
2,1,0,1.63943,1,0,0.986971,0.101145,4.1788,0.986971,0.101145,4.1788,0.551909,0,1.21369,0,0.819309,0
2,1,0,1.68348,1,0,1.00176,0.10211,4.19723,1.00176,0.10211,4.19723,0.549275,0,1.21949,0,0.819325,0
2,1,0,1.72762,1,0,1.01598,0.103011,4.21591,1.01598,0.103011,4.21591,0.546801,0,1.22498,0,0.81934,0
2,1,0,1.77183,1,0,1.02971,0.103855,4.23478,1.02971,0.103855,4.23478,0.544471,0,1.2302,0,0.819355,0
2,1,0,1.81614,1,0,1.04297,0.104646,4.25378,1.04297,0.104646,4.25378,0.542271,0,1.23517,0,0.819368,0
2,1,0,1.86053,1,0,1.0558,0.105391,4.27286,1.0558,0.105391,4.27286,0.540189,0,1.23991,0,0.819381,0
2,1,0,1.90502,1,0,1.06825,0.106092,4.29199,1.06825,0.106092,4.29199,0.538214,0,1.24445,0,0.819394,0
2,1,0,1.9496,1,0,1.08033,0.106755,4.31113,1.08033,0.106755,4.31113,0.536337,0,1.24878,0,0.819406,0
2,1,0,1.99427,1,0,1.09208,0.107381,4.33026,1.09208,0.107381,4.33026,0.534551,0,1.25294,0,0.819417,0
2,1,0,2.03904,1,0,1.10351,0.107973,4.34936,1.10351,0.107973,4.34936,0.532847,0,1.25693,0,0.819427,0
2,1,0,2.0839,1,0,1.11466,0.108535,4.3684,1.11466,0.108535,4.3684,0.531221,0,1.26076,0,0.819438,0
2,1,0,2.12886,1,0,1.12553,0.109068,4.38739,1.12553,0.109068,4.38739,0.529665,0,1.26445,0,0.819447,0
2,1,0,2.17392,1,0,1.13614,0.109575,4.40629,1.13614,0.109575,4.40629,0.528176,0,1.268,0,0.819457,0
2,1,0,2.21906,1,0,1.1465,0.110057,4.42511,1.1465,0.110057,4.42511,0.526749,0,1.27142,0,0.819466,0
2,1,0,2.2643,1,0,1.15664,0.110516,4.44383,1.15664,0.110516,4.44383,0.525379,0,1.27472,0,0.819474,0
2,1,0,2.30963,1,0,1.16656,0.110953,4.46244,1.16656,0.110953,4.46244,0.524063,0,1.27791,0,0.819482,0
2,1,0,2.35505,1,0,1.17627,0.11137,4.48095,1.17627,0.11137,4.48095,0.522798,0,1.28099,0,0.81949,0
2,1,0,2.40056,1,0,1.18579,0.111768,4.49935,1.18579,0.111768,4.49935,0.52158,0,1.28397,0,0.819498,0
2,1,0,2.44616,1,0,1.19512,0.112147,4.51762,1.19512,0.112147,4.51762,0.520407,0,1.28685,0,0.819505,0
2,1,0,2.49184,1,0,1.20427,0.11251,4.53577,1.20427,0.11251,4.53577,0.519276,0,1.28964,0,0.819512,0
2,1,0,2.5376,1,0,1.21325,0.112856,4.5538,1.21325,0.112856,4.5538,0.518185,0,1.29235,0,0.819519,0
2,1,0,2.58344,1,0,1.22207,0.113188,4.57171,1.22207,0.113188,4.57171,0.517131,0,1.29497,0,0.819525,0
2,1,0,2.62937,1,0,1.23073,0.113505,4.58949,1.23073,0.113505,4.58949,0.516113,0,1.29752,0,0.819531,0
2,1,0,2.67537,1,0,1.23924,0.113808,4.60713,1.23924,0.113808,4.60713,0.515129,0,1.29999,0,0.819537,0
2,1,0,2.72144,1,0,1.2476,0.114098,4.62465,1.2476,0.114098,4.62465,0.514177,0,1.30239,0,0.819542,0
2,1,0,2.76759,1,0,1.25583,0.114376,4.64204,1.25583,0.114376,4.64204,0.513255,0,1.30472,0,0.819548,0
2,1,0,2.81382,1,0,1.26393,0.114643,4.6593,1.26393,0.114643,4.6593,0.512361,0,1.30698,0,0.819553,0
2,1,0,2.86011,1,0,1.2719,0.114898,4.67643,1.2719,0.114898,4.67643,0.511496,0,1.30919,0,0.819558,0
2,1,0,2.90647,1,0,1.27974,0.115142,4.69343,1.27974,0.115142,4.69343,0.510656,0,1.31133,0,0.819563,0
2,1,0,2.9529,1,0,1.28747,0.115377,4.7103,1.28747,0.115377,4.7103,0.509842,0,1.31342,0,0.819567,0
2,1,0,2.9994,1,0,1.29508,0.115601,4.72705,1.29508,0.115601,4.72705,0.509051,0,1.31545,0,0.819572,0
2,1,0,3.04595,1,0,1.30258,0.115817,4.74366,1.30258,0.115817,4.74366,0.508283,0,1.31743,0,0.819576,0
2,1,0,3.09257,1,0,1.30997,0.116023,4.76015,1.30997,0.116023,4.76015,0.507537,0,1.31936,0,0.81958,0
2,1,0,3.13926,1,0,1.31726,0.116221,4.77651,1.31726,0.116221,4.77651,0.506811,0,1.32125,0,0.819584,0
2,1,0,3.186,1,0,1.32444,0.116411,4.79275,1.32444,0.116411,4.79275,0.506106,0,1.32308,0,0.819588,0
2,1,0,3.23279,1,0,1.33153,0.116593,4.80887,1.33153,0.116593,4.80887,0.505419,0,1.32487,0,0.819591,0
2,1,0,3.27965,1,0,1.33853,0.116767,4.82486,1.33853,0.116767,4.82486,0.504751,0,1.32662,0,0.819595,0
2,1,0,3.32656,1,0,1.34543,0.116935,4.84073,1.34543,0.116935,4.84073,0.5041,0,1.32833,0,0.819598,0
2,1,0,3.37352,1,0,1.35225,0.117095,4.85648,1.35225,0.117095,4.85648,0.503466,0,1.33,0,0.819601,0
2,1,0,3.42053,1,0,1.35898,0.117249,4.87211,1.35898,0.117249,4.87211,0.502849,0,1.33163,0,0.819604,0
2,1,0,3.4676,1,0,1.36562,0.117396,4.88763,1.36562,0.117396,4.88763,0.502246,0,1.33322,0,0.819607,0
2,1,0,3.51471,1,0,1.37219,0.117537,4.90302,1.37219,0.117537,4.90302,0.501659,0,1.33477,0,0.81961,0
2,1,0,3.56188,1,0,1.37867,0.117673,4.91831,1.37867,0.117673,4.91831,0.501086,0,1.3363,0,0.819612,0
2,1,0,3.60909,1,0,1.38508,0.117802,4.93347,1.38508,0.117802,4.93347,0.500527,0,1.33778,0,0.819615,0
2,1,0,3.65635,1,0,1.39141,0.117927,4.94853,1.39141,0.117927,4.94853,0.499981,0,1.33924,0,0.819617,0
2,1,0,3.70365,1,0,1.39767,0.118045,4.96348,1.39767,0.118045,4.96348,0.499449,0,1.34066,0,0.819619,0
2,1,0,3.75099,1,0,1.40386,0.118159,4.97831,1.40386,0.118159,4.97831,0.498928,0,1.34206,0,0.819622,0
2,1,0,3.79838,1,0,1.40998,0.118268,4.99304,1.40998,0.118268,4.99304,0.498419,0,1.34343,0,0.819624,0
2,1,0,3.84581,1,0,1.41603,0.118372,5.00766,1.41603,0.118372,5.00766,0.497922,0,1.34476,0,0.819626,0
2,1,0,3.89328,1,0,1.42201,0.118471,5.02218,1.42201,0.118471,5.02218,0.497436,0,1.34607,0,0.819628,0
2,1,0,3.94079,1,0,1.42793,0.118567,5.03659,1.42793,0.118567,5.03659,0.496961,0,1.34736,0,0.81963,0
2,1,0,3.98834,1,0,1.43379,0.118657,5.0509,1.43379,0.118657,5.0509,0.496496,0,1.34862,0,0.819631,0
2,1,0,4.03593,1,0,1.43959,0.118744,5.06511,1.43959,0.118744,5.06511,0.496042,0,1.34985,0,0.819633,0
2,1,0,4.08355,1,0,1.44532,0.118827,5.07922,1.44532,0.118827,5.07922,0.495597,0,1.35106,0,0.819635,0
2,1,0,4.13121,1,0,1.451,0.118905,5.09323,1.451,0.118905,5.09323,0.495161,0,1.35225,0,0.819636,0
2,1,0,4.17891,1,0,1.45662,0.11898,5.10714,1.45662,0.11898,5.10714,0.494734,0,1.35341,0,0.819637,0
2,1,0,4.22664,1,0,1.46219,0.119052,5.12095,1.46219,0.119052,5.12095,0.494316,0,1.35455,0,0.819639,0
2,1,0,4.2744,1,0,1.4677,0.11912,5.13467,1.4677,0.11912,5.13467,0.493907,0,1.35567,0,0.81964,0
2,1,0,4.3222,1,0,1.47316,0.119184,5.1483,1.47316,0.119184,5.1483,0.493506,0,1.35677,0,0.819641,0
2,1,0,4.37003,1,0,1.47856,0.119245,5.16183,1.47856,0.119245,5.16183,0.493113,0,1.35785,0,0.819642,0
2,1,0,4.41789,1,0,1.48391,0.119303,5.17528,1.48391,0.119303,5.17528,0.492728,0,1.35891,0,0.819643,0
2,1,0,4.46578,1,0,1.48922,0.119358,5.18863,1.48922,0.119358,5.18863,0.49235,0,1.35995,0,0.819644,0
2,1,0,4.5137,1,0,1.49447,0.11941,5.20189,1.49447,0.11941,5.20189,0.491979,0,1.36098,0,0.819645,0
2,1,0,4.56165,1,0,1.49968,0.119459,5.21507,1.49968,0.119459,5.21507,0.491616,0,1.36198,0,0.819646,0
2,1,0,4.60963,1,0,1.50484,0.119505,5.22816,1.50484,0.119505,5.22816,0.49126,0,1.36297,0,0.819647,0
2,1,0,4.65764,1,0,1.50995,0.119549,5.24116,1.50995,0.119549,5.24116,0.49091,0,1.36394,0,0.819648,0
2,1,0,4.70568,1,0,1.51502,0.11959,5.25408,1.51502,0.11959,5.25408,0.490566,0,1.36489,0,0.819648,0
2,1,0,4.75374,1,0,1.52004,0.119628,5.26692,1.52004,0.119628,5.26692,0.490229,0,1.36583,0,0.819649,0
2,1,0,4.80183,1,0,1.52502,0.119663,5.27967,1.52502,0.119663,5.27967,0.489898,0,1.36675,0,0.81965,0
2,1,0,4.84994,1,0,1.52996,0.119697,5.29235,1.52996,0.119697,5.29235,0.489573,0,1.36766,0,0.81965,0
2,1,0,4.89808,1,0,1.53486,0.119728,5.30494,1.53486,0.119728,5.30494,0.489254,0,1.36855,0,0.819651,0
2,1,0,4.94625,1,0,1.53971,0.119756,5.31745,1.53971,0.119756,5.31745,0.488941,0,1.36942,0,0.819651,0
2,1,0,4.99444,1,0,1.54452,0.119783,5.32989,1.54452,0.119783,5.32989,0.488633,0,1.37029,0,0.819652,0
2,1,0,5.04265,1,0,1.5493,0.119807,5.34225,1.5493,0.119807,5.34225,0.48833,0,1.37114,0,0.819652,0
